name_id,old_name,new_name
104303,a. a. fisher,"A. Fisher, A."
500001,a. azevedo,"Azevedo, A."
101196,a. bentinck,"Bentinck, A."
113218,a. f. susin,"F. Susin, A."
500002,a. faria,"Faria, A."
500003,a. i. de lima,A. I. de Lima
500004,a. j. peixoto de castro,"J. Peixoto de Castro, A."
102792,a. l. conrad,"L. Conrad, A."
108405,a. m. malik,"M. Malik, A."
108986,abdel meguid,"Meguid, Abdel"
101613,abdelaziz bouteflika,"Bouteflika, Abdelaziz"
103510,abdou diouf,"Diouf, Abdou"
114158,abdoulaye wade,"Wade, Abdoulaye"
109595,abel muzorewa,"Muzorewa, Abel"
500005,abgar renault,"Renault, Abgar"
107973,abraham lincoln,"Lincoln, Abraham"
500006,abreu lima,"Lima, Abreu"
500007,adalberto de barros nunes,"de Barros Nunes, Adalberto"
500008,adalberto pereira dos santos,"Pereira dos Santos, Adalberto"
500009,adalberto sena,"Sena, Adalberto"
108406,adam malik,"Malik, Adam"
500010,ademar de barros,"de Barros, Ademar"
500011,ademar de barros filho,"de Barros Filho, Ademar"
7334,adlai e. stevenson,"e. Stevenson, Adlai"
105970,adolf hitler,"Hitler, Adolf"
108115,adolfo lópez mateos,"López Mateos, Adolfo"
113141,adolfo suarez,"Suarez, Adolfo"
500013,adroaldo mesquita da costa,"Mesquita da Costa, Adroaldo"
500014,adyr fiúza de castro,"Fiúza de Castro, Adyr"
500015,affonso massot,"Massot, Affonso"
500016,afonso arinos de melo franco,"Arinos de Melo Franco, Afonso"
500017,afonso pena,"Pena, Afonso"
500018,afrânio coutinho,"Coutinho, Afrânio"
500019,afrânio de oliveira,"de Oliveira, Afrânio"
500020,afrânio nabuco,"Nabuco, Afrânio"
500021,agamenon magalhães,"Magalhães, Agamenon"
105450,agha abdul hamid,"Abdul Hamid, Agha"
112279,agha shahi,"Shahi, Agha"
110152,ahmed osman,"Osman, Ahmed"
500022,airton sandoval,"Sandoval, Airton"
500023,akasaka,Akasaka
100181,akihito,Akihito
110824,alain poher,"Poher, Alain"
106525,alan g. james,"G. James, Alan"
102962,alan m. cranston,"M. Cranston, Alan"
105415,albert c. hall,"C. Hall, Albert"
500024,albert einstein,"Einstein, Albert"
115461,albert fishlow,"Fishlow, Albert"
100206,albert i,Albert I
500025,albert probst,"Probst, Albert"
500026,alberto bins,"Bins, Alberto"
500027,alberto da costa e silva,"da Costa e Silva, Alberto"
500028,alberto de brito,"de Brito, Alberto"
500029,alberto de oliveira,"de Oliveira, Alberto"
115372,alberto demicheli,"Demicheli, Alberto"
109898,alberto franco nogueira,"Franco Nogueira, Alberto"
115565,alberto guzmán soriano,"Guzmán Soriano, Alberto"
116237,alberto juan vignes,"Juan Vignes, Alberto"
108041,alberto lleras camargo,"Lleras Camargo, Alberto"
500030,alberto nogués,"Nogués, Alberto"
500031,alberto pereira dos santos,"Pereira dos Santos, Alberto"
500032,alberto raposo lopes,"Raposo Lopes, Alberto"
500033,alberto silva,"Silva, Alberto"
500034,alberto torres,"Torres, Alberto"
500035,albuquerque lima,"Lima, Albuquerque"
500036,alceu amoroso lima,"Amoroso Lima, Alceu"
500037,alceu de carvalho,"de Carvalho, Alceu"
500038,alcântara machado,"Machado, Alcântara"
500039,aldo lins e silva,"Lins e Silva, Aldo"
109407,aldo moro,"Moro, Aldo"
500040,aldo pinto,"Pinto, Aldo"
500041,alejandro izaguirre,"Izaguirre, Alejandro"
115885,alejandro montiel,"Montiel, Alejandro"
110115,alejandro orfila,"Orfila, Alejandro"
500042,alencar furtado,"Furtado, Alencar"
500043,alexandra de kent,"de Kent, Alexandra"
500044,alexandre costa,"Costa, Alexandre"
500045,alexandre garcia,"Garcia, Alexandre"
500046,alexandre kafka,"Kafka, Alexandre"
500047,alexandre leal,"Leal, Alexandre"
100544,alfonso arenales,"Arenales, Alfonso"
104702,alfonso garcia robles,"Garcia Robles, Alfonso"
108109,alfonso lopez,"Lopez, Alfonso"
108116,alfonso lopez michelsen,"Lopez Michelsen, Alfonso"
109117,alfonso lopez michelson,"Lopez Michelson, Alfonso"
500048,alfonso reyes,"Reyes, Alfonso"
100246,alfonso xiii,Alfonso XIII
500049,alfredo buzaid,"Buzaid, Alfredo"
500050,alfredo costa,"Costa, Alfredo"
104994,alfredo gómez morales,"Gómez Morales, Alfredo"
101935,alfredo poveda burbano,"Poveda Burbano, Alfredo"
500051,alfredo santos,"Santos, Alfredo"
113109,alfredo stroessner,"Stroessner, Alfredo"
500052,alfredo sá,"Sá, Alfredo"
116231,alfredo vázquez carrizosa,"Vázquez Carrizosa, Alfredo"
500053,ali kaiser hasan morshed,"Kaiser Hasan Morshed, Ali"
500054,alim pedro,"Pedro, Alim"
500055,aliomar baleeiro,"Baleeiro, Aliomar"
108276,allan j. maceachen,"J. Maceachen, Allan"
500056,gualter oscar allara,"Oscar Allara, Gualter"
108152,allard k. lowenstein,"K. Lowenstein, Allard"
105416,allen a. hall,"A. Hall, Allen"
500057,almeida santos,"Santos, Almeida"
500058,almino afonso,"Afonso, Almino"
500059,aluísio carvalho,"Carvalho, Aluísio"
100349,alvaro c. alsogaray,"C. Alsogaray, Alvaro"
500060,alvaro dias,"Dias, Alvaro"
500061,alvaro lins,"Lins, Alvaro"
113891,alvaro uribe,"Uribe, Alvaro"
500062,alves de brito,"de Brito, Alves"
500063,alves de souza,"de Souza, Alves"
500064,alysson paulinelli,"Paulinelli, Alysson"
500065,amaral neto,"Neto, Amaral"
500066,amaro lanari,"Lanari, Amaro"
500067,amaro lanari júnior,"Lanari Júnior, Amaro"
102063,amilcar cabral,"Cabral, Amilcar"
104137,amintore fanfani,"Fanfani, Amintore"
100256,amjad ali,"Ali, Amjad"
500068,amyr borges fortes,"Borges Fortes, Amyr"
500069,amália lucy geisel,"Lucy Geisel, Amália"
500070,américo mourão,"Mourão, Américo"
500071,anastasio somoza,"Somoza, Anastasio"
112738,anastasio somoza debayle,"Somoza Debayle, Anastasio"
112740,anastasio somoza garcía,"Somoza García, Anastasio"
103539,anatoly f. dobrynin,"F. Dobrynin, Anatoly"
500072,andrade pinto,"Pinto, Andrade"
104913,andre giraud,"Giraud, Andre"
100138,andreas a. m. van agt,"A. M. Van Agt, Andreas"
500073,andrei gromyko,"Gromyko, Andrei"
500074,andres peres,"Peres, Andres"
111501,andres rodriguez,"Rodriguez, Andres"
106469,andrew jackson,"Jackson, Andrew"
106630,andrew johnson,"Johnson, Andrew"
110475,andrew peacock,"Peacock, Andrew"
500075,andré franco montoro,"Franco Montoro, André"
104495,andré françois-poncet,"François-Poncet, André"
500076,andré guimarães,"Guimarães, André"
108435,andré malraux,"Malraux, André"
108594,andrés martínez trueba,"Martínez Trueba, Andrés"
500077,angel federico robledo,"Federico Robledo, Angel"
500078,angelo calmon de sá,"Calmon de Sá, Angelo"
500079,angelo mendes de morais,"Mendes de Morais, Angelo"
101781,angie e. brooks,"e. Brooks, Angie"
108636,angus j. matheson,"J. Matheson, Angus"
500080,angus ogilvy,"Ogilvy, Angus"
106036,ann l. hollick,"L. Hollick, Ann"
500081,antenor nascentes,"Nascentes, Antenor"
103009,anthony crosland,"Crosland, Anthony"
103974,anthony enahoro,"Enahoro, Anthony"
106801,anthony j. jurich,"J. Jurich, Anthony"
110753,antoine pinay,"Pinay, Antoine"
102234,antonio carrillo flores,"Carrillo Flores, Antonio"
111829,antonio de oliveira salazar,"de Oliveira Salazar, Antonio"
103781,antonio dos santos ramalho eanes,"dos Santos Ramalho Eanes, Antonio"
500082,antonio morimoto,"Morimoto, Antonio"
102210,antonio oscar de fragoso carmona,"Oscar de Fragoso Carmona, Antonio"
112192,antonio segni,"Segni, Antonio"
112842,antónio de spinola,"de Spinola, António"
500083,antônio alves,"Alves, Antônio"
500084,antônio amaral,"Amaral, Antônio"
500085,antônio azeredo da silveira,"Azeredo da Silveira, Antônio"
500086,antônio azevedo,"Azevedo, Antônio"
500087,antônio bandeira,"Bandeira, Antônio"
500088,antônio carlos de almeida braga,"Carlos de Almeida Braga, Antônio"
500089,antônio carlos konder reis,"Carlos Konder Reis, Antônio"
500090,antônio carlos magalhães,"Carlos Magalhães, Antônio"
500091,antônio carlos muricy,"Carlos Muricy, Antônio"
500092,antônio correia do lago,"Correia do Lago, Antônio"
500093,antônio de vilhena ferreira braga,"de Vilhena Ferreira Braga, Antônio"
103322,antônio delfim neto,"Delfim Neto, Antônio"
500094,antônio dias leite,"Dias Leite, Antônio"
500095,antônio fagundes,"Fagundes, Antônio"
500096,antônio fantinato neto,"Fantinato Neto, Antônio"
500097,antônio franca,"Franca, Antônio"
500098,antônio gallotti,"Gallotti, Antônio"
500099,antônio garcia,"Garcia, Antônio"
500100,antônio houaiss,"Houaiss, Antônio"
500101,antônio joaquim,"Joaquim, Antônio"
500102,antônio jorge correia,"Jorge Correia, Antônio"
500103,antônio maciel,"Maciel, Antônio"
500104,antônio mendes viana,"Mendes Viana, Antônio"
500105,antônio neder,"Neder, Antônio"
500106,antônio neves,"Neves, Antônio"
500107,antônio pereira,"Pereira, Antônio"
500108,antônio prado,"Prado, Antônio"
500109,antônio rodrigues,"Rodrigues, Antônio"
500110,antônio t. a. de souza,"T. A. de Souza, Antônio"
111800,anwar sadat,"Sadat, Anwar"
500111,anésia pinheiro machado,"Pinheiro Machado, Anésia"
500112,aníbal teixeira,"Teixeira, Aníbal"
115847,aparício mendez,"Mendez, Aparício"
500114,apolônio sales,"Sales, Apolônio"
500115,araken de oliveira,"de Oliveira, Araken"
500116,ari ribeiro,"Ribeiro, Ari"
500117,ariel pacca da fonseca,"Pacca da Fonseca, Ariel"
112306,ariel sharon,"Sharon, Ariel"
500118,aristides pereira,"Pereira, Aristides"
500119,armando falcão,"Falcão, Armando"
500120,armando fernandes,"Fernandes, Armando"
105263,armando guebuza,"Guebuza, Armando"
500121,armando guedes,"Guedes, Armando"
500122,armando ramos,"Ramos, Armando"
500123,armando vidal,"Vidal, Armando"
500124,arnaldo barbalho,"Barbalho, Arnaldo"
500125,arnaldo carrilho,"Carrilho, Arnaldo"
104424,arnaldo forlani,"Forlani, Arnaldo"
500126,arnaldo nogueira,"Nogueira, Arnaldo"
500127,arnaldo prieto,"Prieto, Arnaldo"
500128,arnaldo sussekind,"Sussekind, Arnaldo"
500129,arnaldo vasconcellos,"Vasconcellos, Arnaldo"
109617,arnold nachmanoff,"Nachmanoff, Arnold"
500130,arnoldo medeiros,"Medeiros, Arnoldo"
500131,arnon de mello,"de Mello, Arnon"
500132,arolde de oliveira,"de Oliveira, Arolde"
500133,arsênio nóbrega,"Nóbrega, Arsênio"
115314,arthur chung,"Chung, Arthur"
102880,arthur da costa e silva,"da Costa e Silva, Arthur"
2832,arthur goldberg,"Goldberg, Arthur"
113961,arthur h. vandenberg,"H. Vandenberg, Arthur"
107680,arthur larson,"Larson, Arthur"
500135,artur bernardes,"Bernardes, Artur"
115877,arturo armando molina,"Armando Molina, Arturo"
104596,arturo frondizi,"Frondizi, Arturo"
109364,arturo morales-carrion,"Morales-Carrion, Arturo"
500136,ary alcântara,"Alcântara, Ary"
110288,ashraf pahlavi,"Pahlavi, Ashraf"
500137,assis brasil,"Brasil, Assis"
500138,assis chateaubriand,"Chateaubriand, Assis"
500139,atos pereira,"Pereira, Atos"
500140,augusto fragoso,"Fragoso, Augusto"
500141,augusto machado,"Machado, Augusto"
500142,augusto pinochet,"Pinochet, Augusto"
500143,augusto rademaker,"Rademaker, Augusto"
500144,aureliano chaves,"Chaves, Aureliano"
113390,aurelio de lyra tavares,"de Lyra Tavares, Aurelio"
500145,avelar brandão,"Brandão, Avelar"
102113,avila camacho,"Camacho, Avila"
500146,ayrton diniz,"Diniz, Ayrton"
500147,aécio cunha,"Cunha, Aécio"
500148,b. goulart,"Goulart, B."
106934,b. m. kaul,"M. Kaul, B."
101007,ba u,"U, Ba"
114242,barbara walters,"Walters, Barbara"
500149,barbosa carneiro,"Carneiro, Barbosa"
500150,barbosa lima sobrinho,"Lima Sobrinho, Barbosa"
500151,barreto leite,"Leite, Barreto"
500152,barreto leite filho,"Leite Filho, Barreto"
500153,barros barreto,"Barreto, Barros"
500154,barão do rio branco,"do Rio Branco, Barão"
500155,bastos,Bastos
101264,belisario betancur,"Betancur, Belisario"
101127,ben bella,"Bella, Ben"
500156,benjamin constant,"Constant, Benjamin"
500157,benjamin farah,"Farah, Benjamin"
105593,benjamin harrison,"Harrison, Benjamin"
105579,benjamin t. harris,"T. Harris, Benjamin"
500158,bento de faria,"de Faria, Bento"
500159,bernard baruch,"Baruch, Bernard"
102860,bernard cornut-gentille,"Cornut-Gentille, Bernard"
105343,bernard gwertzman,"Gwertzman, Bernard"
500160,bernardino de campos,"de Campos, Bernardino"
104297,bert fish,"Fish, Bert"
500161,berta lutz,"Lutz, Berta"
107192,betty e. king,"e. King, Betty"
101292,bhumibol adulyadej,"Adulyadej, Bhumibol"
500162,bilac pinto,"Pinto, Bilac"
105088,billy graham,"Graham, Billy"
500163,billy grahan,"Grahan, Billy"
500164,bina machado,"Machado, Bina"
500165,bittencourt de sá,"de Sá, Bittencourt"
500166,boaventura farina,"Farina, Boaventura"
500167,borges de medeiros,"de Medeiros, Borges"
110854,boris n. ponomarev,"N. Ponomarev, Boris"
500168,boulitreau fragoso,"Fragoso, Boulitreau"
101650,brendan bracken,"Bracken, Brendan"
500169,breno borges fortes,"Borges Fortes, Breno"
107439,bruno kreisky,"Kreisky, Bruno"
105554,bryce n. harlow,"N. Harlow, Bryce"
500170,bueno brandão,"Brandão, Bueno"
500171,bueno do prado,"do Prado, Bueno"
500172,burle marx,"Marx, Burle"
116109,c. d. sherman,"D. Sherman, C."
109150,c. e. miller,"e. Miller, C."
102724,c. f. coleman,"F. Coleman, C."
101222,c. fred bergsten,"Fred Bergsten, C."
500173,c. h. adams,"H. Adams, C."
114187,c. h. m. waldock,"H. M. Waldock, C."
107939,c. k. liang,"K. Liang, C."
500174,c. k. yen,"K. Yen, C."
115927,c. nomura,"Nomura, C."
106106,c. peter hope,"Peter Hope, C."
116194,c. r. thompson,"R. Thompson, C."
114541,c. v. whitney,C. V. Whitney
500175,café filho,"Filho, Café"
500176,caio de alcântara machado,"de Alcântara Machado, Caio"
500177,caio tácito,"Tácito, Caio"
102375,camille chamoun,"Chamoun, Camille"
500178,camilo calazans,"Calazans, Camilo"
500179,camilo teixeira da costa,"Teixeira da Costa, Camilo"
500180,campos sales,"Sales, Campos"
500181,canrobert pereira da costa,"Pereira da Costa, Canrobert"
112064,carl w. schmidt,"W. Schmidt, Carl"
108042,carlos a. lleras restrepo,"A. Lleras Restrepo, Carlos"
500182,carlos alberto da fontoura,"Alberto da Fontoura, Carlos"
500183,carlos alberto pereira,"Alberto Pereira, Carlos"
500184,carlos alberto torres,"Alberto Torres, Carlos"
101237,carlos alfredo bernardes,"Alfredo Bernardes, Carlos"
110547,carlos andres perez,"Andres Perez, Carlos"
100559,carlos arias navarro,"Arias Navarro, Carlos"
500185,carlos augusto,"Augusto, Carlos"
500186,carlos augusto santos neves,"Augusto Santos Neves, Carlos"
500187,carlos barreto,"Barreto, Carlos"
500188,carlos castelo branco,"Castelo Branco, Carlos"
500189,carlos chagas,"Chagas, Carlos"
500190,carlos chagas filho,"Chagas Filho, Carlos"
500191,carlos costa,"Costa, Carlos"
500192,carlos de almeida,"de Almeida, Carlos"
500193,carlos de laet,"de Laet, Carlos"
500194,carlos de meira mattos,"de Meira Mattos, Carlos"
500195,carlos de moraes,"de Moraes, Carlos"
500196,carlos dos santos,"dos Santos, Carlos"
500197,carlos duarte,"Duarte, Carlos"
500198,carlos figueiredo,"Figueiredo, Carlos"
500199,carlos galvão,"Galvão, Carlos"
104698,carlos garcia,"Garcia, Carlos"
115508,carlos garcía bedoya,"García Bedoya, Carlos"
500201,carlos gomes,"Gomes, Carlos"
500202,carlos heitor cony,"Heitor Cony, Carlos"
111554,carlos humberto romero,"Humberto Romero, Carlos"
106351,carlos ibañez del campo,"Ibañez Del Campo, Carlos"
107537,carlos lacerda,"Lacerda, Carlos"
111294,carlos lleras restrepo,"Lleras Restrepo, Carlos"
108114,carlos lopez guevara,"Lopez Guevara, Carlos"
500204,carlos luz,"Luz, Carlos"
500205,carlos macedo,"Macedo, Carlos"
500206,carlos magalhães,"Magalhães, Carlos"
500207,carlos manini rios,"Manini Rios, Carlos"
500208,carlos maximiliano,"Maximiliano, Carlos"
500209,carlos medeiros,"Medeiros, Carlos"
500210,carlos menem,"Menem, Carlos"
115902,carlos muñiz,"Muñiz, Carlos"
110132,carlos ortiz de rozas,"Ortiz de Rozas, Carlos"
111561,carlos p. romulo,"P. Romulo, Carlos"
500211,carlos pena filho,"Pena Filho, Carlos"
500212,carlos perez,"Perez, Carlos"
115304,carlos r. cavandoli,"R. Cavandoli, Carlos"
500213,carlos ribeiro,"Ribeiro, Carlos"
500214,carlos sant'anna,"Sant'Anna, Carlos"
500215,carlos santana,"Santana, Carlos"
111922,carlos sanz de santamaria,"Sanz de Santamaria, Carlos"
500216,carlos scliar,"Scliar, Carlos"
500217,carlos veiga,"Veiga, Carlos"
500218,carneiro leão,"Leão, Carneiro"
500219,carneiro ribeiro,"Ribeiro, Carneiro"
500220,carvalho pinto,"Pinto, Carvalho"
500221,cassiano ricardo,"Ricardo, Cassiano"
500222,castro alves,"Alves, Castro"
500223,castro e silva,"e Silva, Castro"
500224,castro madero,"Madero, Castro"
500225,castro neves,"Neves, Castro"
500226,celso amorim,"Amorim, Celso"
103503,celso diniz,"Diniz, Celso"
500227,celso furtado,"Furtado, Celso"
500228,celso kelly,"Kelly, Celso"
500229,celso lafer,"Lafer, Celso"
500230,celso mendonça,"Mendonça, Celso"
500231,chagas freitas,"Freitas, Chagas"
105867,chaim herzog,"Herzog, Chaim"
113986,charles a. vanik,"A. Vanik, Charles"
101645,charles boyer,"Boyer, Charles"
103284,charles de gaulle,"de Gaulle, Charles"
106634,charles e. johnson,"e. Johnson, Charles"
108407,charles h. malik,"H. Malik, Charles"
112111,charles l. schultze,"L. Schultze, Charles"
107188,charles p. kindleberger,"P. Kindleberger, Charles"
106513,cheddi b. jagan,"B. Jagan, Cheddi"
102460,chen yi,"Yi, Chen"
102517,chodron de courcel,"de Courcel, Chodron"
500232,chou en lai,"En Lai, Chou"
115911,christopher a. nascimento,"A. Nascimento, Christopher"
102569,chu te,"Te, Chu"
114861,chusei yamada,"Yamada, Chusei"
102663,clark m. clifford,"M. Clifford, Clark"
500233,claudio lembo,"Lembo, Claudio"
500234,claudius ceccon,"Ceccon, Claudius"
111735,claus w. ruser,"W. Ruser, Claus"
106872,clemens kapuuo,"Kapuuo, Clemens"
114978,clement j. zablocki,"J. Zablocki, Clement"
500235,cláudio coutinho,"Coutinho, Cláudio"
500236,cláudio garcia de sousa,"Garcia de Sousa, Cláudio"
500237,clóvis bevilacqua,"Bevilacqua, Clóvis"
500238,clóvis pestana,"Pestana, Clóvis"
500239,coelho branco,"Branco, Coelho"
500240,condessa pereira carneiro,"Pereira Carneiro, Condessa"
500241,consuelo de abreu,"de Abreu, Consuelo"
500242,cordeiro de farias,"de Farias, Cordeiro"
500243,cordeiro guerra,"Guerra, Cordeiro"
106268,cordell hull,"Hull, Cordell"
115947,cornel pacoste,"Pacoste, Cornel"
108450,corneliu manescu,"Manescu, Corneliu"
500244,costa cavalcanti,"Cavalcanti, Costa"
500245,costa e silva,"e Silva, Costa"
500246,costa ribeiro,"Ribeiro, Costa"
500247,costa rodrigues,"Rodrigues, Costa"
500248,craveiro lopes,"Lopes, Craveiro"
500249,cristiano machado,"Machado, Cristiano"
500250,cristóvão colombo,"Colombo, Cristóvão"
500251,cunha bueno,"Bueno, Cunha"
113958,cyrus vance,"Vance, Cyrus"
500253,cássio de paula freitas,"de Paula Freitas, Cássio"
500254,câmara cascudo,"Cascudo, Câmara"
500255,cândido aragão,"Aragão, Cândido"
500256,cândido portinari,"Portinari, Cândido"
500257,cândido rondon,"Rondon, Cândido"
500258,célio borja,"Borja, Célio"
500259,célio silva,"Silva, Célio"
115566,césar augusto guzzetti,"Augusto Guzzetti, César"
500260,césar cals,"Cals, César"
500261,césar de andrade,"de Andrade, César"
500262,d. a. doran,"A. Doran, D."
500263,d. gregory,"Gregory, D."
107062,d. ketel,"Ketel, D."
100417,d. l. anderson,"L. Anderson, D."
109866,d. nikolic,"Nikolic, D."
103132,d. silvera da mota,"Silvera da Mota, D."
105470,dag hammarskjöld,"Hammarskjöld, Dag"
500264,daniel faraco,"Faraco, Daniel"
500265,daniel krieger,"Krieger, Daniel"
111063,daniel oduber quiros,"Oduber Quiros, Daniel"
110015,daniel oduber quirós,"Oduber Quirós, Daniel"
110371,daniel parker,"Parker, Daniel"
109485,daniel patrick moynihan,"Patrick Moynihan, Daniel"
500266,daniel tavares,"Tavares, Daniel"
500267,danilo venturini,"Venturini, Danilo"
500268,dantas romero,"Romero, Dantas"
104164,dante b. fascell,"B. Fascell, Dante"
500269,danton jobim,"Jobim, Danton"
500270,darcy lázaro,"Lázaro, Darcy"
500271,darcy ribeiro,"Ribeiro, Darcy"
500272,dario castro alves,"Castro Alves, Dario"
103295,daufresne de la chevalerie,"de a Chevalerie, Daufresne"
101324,david binder,"Binder, David"
106699,david c. jones,"C. Jones, David"
106744,david c. jordan,"C. Jordan, David"
107965,david e. lilienthal,"e. Lilienthal, David"
112492,david e. simcox,"e. Simcox, David"
110190,david owen,"Owen, David"
108261,david r. macdonald,"R. Macdonald, David"
111484,david rockefeller,"Rockefeller, David"
106700,david t. jones,"T. Jones, David"
109846,davidson nicol,"Nicol, Davidson"
106562,dawda kairaba jawara,"Kairaba Jawara, Dawda"
47,dean acheson,"Acheson, Dean"
111738,dean rusk,"Rusk, Dean"
500275,enzo debernardi,"Debernardi, Enzo"
500276,delfim neto,"Neto, Delfim"
105731,denis w. healey,"W. Healey, Denis"
500277,deodoro da fonseca,"da Fonseca, Deodoro"
500278,dias costa,"Costa, Dias"
500279,dias leite,"Leite, Dias"
112243,diaz serrano,"Serrano, Diaz"
500280,dilermando gomes monteiro,"Gomes Monteiro, Dilermando"
500281,dinah silveira de queiroz,"Silveira de Queiroz, Dinah"
500282,dinarte mariz,"Mariz, Dinarte"
500283,diogo nomura,"Nomura, Diogo"
500284,dirceu cardoso,"Cardoso, Dirceu"
500285,dirceu nogueira,"Nogueira, Dirceu"
111200,dixy lee ray,"Lee Ray, Dixy"
500286,diário de notícias,"de Notícias, Diário"
500287,djalma polli coelho,"Polli Coelho, Djalma"
500288,djalma régis bittencourt,"Régis Bittencourt, Djalma"
103563,do mau,"Mau, do"
103569,dom pedro ii,Dom Pedro II
500289,domício gondim,"Gondim, Domício"
115094,donald b. adams,"B. Adams, Donald"
108876,donald f. mchenry,"F. Mchenry, Donald"
106529,donald jamieson,"Jamieson, Donald"
114601,donald willesee,"Willesee, Donald"
500290,donatello grieco,"Grieco, Donatello"
116195,dudley thompson,"Thompson, Dudley"
500291,duque de caxias,"de Caxias, Duque"
111898,durward v. sandifer,Durward V. Sandifer
103887,dwight d. eisenhower,"D. Eisenhower, Dwight"
500292,décio miranda,"Miranda, Décio"
500293,délio jardim de matos,"Jardim de Matos, Délio"
102805,e. d. r. cook,"D. R. Cook, e."
115713,e. f. koenig,"F. Koenig, e."
102684,e. h. w. cobb,"H. W. Cobb, e."
500294,e. l. de oliveira júnior,"L. de Oliveira Júnior, e."
500295,e. l. de rezende,"L. de Rezende, e."
500296,e. l. resende,"L. Resende, e."
112338,e. l. sheehan,"L. Sheehan, e."
500297,e. m. feinberg,"M. Feinberg, e."
105828,e. o. herbert,"O. Herbert, e."
103571,e. p. donaldson,"P. Donaldson, e."
111354,e. r. richardson,"R. Richardson, e."
114197,e. r. walker,"R. Walker, e."
102032,earl l. butz,"L. Butz, Earl"
500298,edgar dutra,"Dutra, Edgar"
500299,edmar fetter,"Fetter, Edmar"
103325,edmund dell,"Dell, Edmund"
500300,ednardo d'ávila mello,"D'Ávila Mello, Ednardo"
115266,edner brutus,"Brutus, Edner"
111923,edouard saouma,"Saouma, Edouard"
500301,edson arantes do nascimento (pelé),"Arantes do Nascimento (Pelé), Edson"
500302,edson gueiros leitão,"Gueiros Leitão, Edson"
500303,eduardo frey,"Frey, Eduardo"
500304,eduardo gomes,"Gomes, Eduardo"
500305,eduardo moreira,"Moreira, Eduardo"
500306,eduardo paes,"Paes, Eduardo"
500307,eduardo victor haedo,"Victor Haedo, Eduardo"
111560,eduardo z. romualdez,"Z. Romualdez, Eduardo"
105447,edvard hambro,"Hambro, Edvard"
101359,edward c. bittner,"C. Bittner, Edward"
104087,edward everett,"Everett, Edward"
107024,edward kennedy,"Kennedy, Edward"
107314,edward koch,"Koch, Edward"
110478,edward peal,"Peal, Edward"
111685,edward rowlands,"Rowlands, Edward"
103848,edward vii,Edward VII
116255,edward warner,"Warner, Edward"
104725,edwin jacob garn,"Jacob Garn, Edwin"
100758,egon bahr,"Bahr, Egon"
500310,egon forgacs,"Forgacs, Egon"
100693,ehud avriel,"Avriel, Ehud"
111954,eisaku sato,"Sato, Eisaku"
500312,eliane gurgel valente,"Gurgel Valente, Eliane"
111942,elias sarkis,"Sarkis, Elias"
500313,eliezer batista,"Batista, Eliezer"
111586,elihu root,"Root, Elihu"
103927,elizabeth ii,Elizabeth II
106684,ellen johnson-sirleaf,"Johnson-Sirleaf, Ellen"
101933,ellsworth f. bunker,"F. Bunker, Ellsworth"
500314,elmo serejo,"Serejo, Elmo"
112883,emil a. stadelhofer,"A. Stadelhofer, Emil"
500315,emil hoffman,"Hoffman, Emil"
5091,emílio garrastazu médici,"Garrastazu Médici, Emílio"
101232,enrico berlinguer,"Berlinguer, Enrico"
500317,enrique iglesias,"Iglesias, Enrique"
113437,enrique tejera parís,"Tejera París, Enrique"
112467,ensio siilasvuo,"Siilasvuo, Ensio"
106930,ephraim katzir,"Katzir, Ephraim"
110588,epitácio pessoa,"Pessoa, Epitácio"
500318,eraldo gueiros,"Gueiros, Eraldo"
114608,eric e. williams,"e. Williams, Eric"
106625,eric g. john,"G. John, Eric"
106686,eric johnston,"Johnston, Eric"
104651,eric m. gairy,"M. Gairy, Eric"
500320,erik suy,"Suy, Erik"
500321,ermelino matarazzo,"Matarazzo, Ermelino"
500322,ernani ayrosa da silva,"Ayrosa da Silva, Ernani"
500323,ernani sátiro,"Sátiro, Ernani"
106038,ernest f. hollings,"F. Hollings, Ernest"
500324,ernesto dornelles,"Dornelles, Ernesto"
104788,ernesto geisel,"Geisel, Ernesto"
500325,ernesto silva,"Silva, Ernesto"
500326,ernesto valente,"Valente, Ernesto"
500327,ernâni do amaral peixoto,"do Amaral Peixoto, Ernâni"
100943,errol w. barrow,"W. Barrow, Errol"
500328,esdras gueiros,"Gueiros, Esdras"
500329,estelita lins,"Lins, Estelita"
500330,estácio coimbra,"Coimbra, Estácio"
500331,euclides da cunha,"da Cunha, Euclides"
500332,euclides quandt,"Quandt, Euclides"
500333,euclides triches,"Triches, Euclides"
101368,eugene black,"Black, Eugene"
105260,eugenio gudin,"Gudin, Eugenio"
500335,eugênio gudin,"Gudin, Eugênio"
500336,eugênio sales,"Sales, Eugênio"
500337,euler bentes,"Bentes, Euler"
500338,euler bentes monteiro,"Bentes Monteiro, Euler"
500339,eunice weaver,"Weaver, Eunice"
500340,eurico ,Eurico 
500341,eurico penteado,"Penteado, Eurico"
500342,euro brandão,"Brandão, Euro"
112199,eustace e. seignoret,"e. Seignoret, Eustace"
500343,euvaldo lodi,"Lodi, Euvaldo"
500344,evaldo lodi,"Lodi, Evaldo"
500345,evandro carreira,"Carreira, Evandro"
114405,ezer weizman,"Weizman, Ezer"
102833,f. b. cooper,"B. Cooper, F."
109435,f. bradford morse,"Bradford Morse, F."
500346,f. chermont,"Chermont, F."
108547,f. ray marshall,"Ray Marshall, F."
104156,farouk i,Farouk I
500347,felipe gonzales,"Gonzales, Felipe"
105009,felipe gonzalez,"Gonzalez, Felipe"
500348,fernandes távora,"Távora, Fernandes"
500349,fernando abott,"Abott, Fernando"
500350,fernando belfort bethlem,"Belfort Bethlem, Fernando"
500351,fernando coelho,"Coelho, Fernando"
500352,fernando costa,"Costa, Fernando"
500353,fernando falcão,"Falcão, Fernando"
500354,fernando fontoura,"Fontoura, Fernando"
500355,fernando gabeira,"Gabeira, Fernando"
500356,fernando gasparian ,"Gasparian , Fernando"
500357,fernando luz,"Luz, Fernando"
500358,fernando lyra,"Lyra, Fernando"
500359,fernando oscar weibert,"Oscar Weibert, Fernando"
500360,fernando pessoa,"Pessoa, Fernando"
500361,fernando reis,"Reis, Fernando"
500362,ferreira neto,"Neto, Ferreira"
102307,fidel castro,"Castro, Fidel"
500363,flavio lacerda,"Lacerda, Flavio"
500364,flexa ribeiro,"Ribeiro, Flexa"
500365,floriano peixoto,"Peixoto, Floriano"
500366,floriano peixoto faria lima,"Peixoto Faria Lima, Floriano"
500367,flávio brito,"Brito, Flávio"
500368,flávio marcílio,"Marcílio, Flávio"
500369,flávio peixoto,"Peixoto, Flávio"
500370,fonseca costa,"Costa, Fonseca"
100016,forest e. abbuhl,"e. Abbuhl, Forest"
500371,foster dulles,"Dulles, Foster"
500372,francelino pereira,"Pereira, Francelino"
113941,francis a. vallat,"A. Vallat, Francis"
101404,francis blanchard,"Blanchard, Francis"
500373,francisco adolfo de varnhagen,"Adolfo de Varnhagen, Francisco"
500374,francisco alves,"Alves, Francisco"
500375,francisco campos,"Campos, Francisco"
103037,francisco cuevas cancino,"Cuevas Cancino, Francisco"
500376,francisco d'alamo lousada,"D'Alamo Lousada, Francisco"
104990,francisco da costa gomes,"da Costa Gomes, Francisco"
500377,francisco de paula,"de Paula, Francisco"
500378,francisco dornelles,"Dornelles, Francisco"
500379,francisco eduardo de paula machado,"Eduardo de Paula Machado, Francisco"
500380,francisco franco,"Franco, Francisco"
500381,francisco lopes,"Lopes, Francisco"
102348,francisco morales bermudez cerruti,"Morales Bermudez Cerruti, Francisco"
500382,francisco morales bermudez cerrutti,"Morales Bermudez Cerrutti, Francisco"
500383,francisco negrão de lima,"Negrão de Lima, Francisco"
500384,francisco neves,"Neves, Francisco"
500385,francisco pinto,"Pinto, Francisco"
100822,francisco pinto balsemao,"Pinto Balsemao, Francisco"
500386,francisco rezek,"Rezek, Francisco"
500387,francisco silva,"Silva, Francisco"
500388,francisco sá,"Sá, Francisco"
500389,franco nogueira,"Nogueira, Franco"
114727,frank g. wisner,"G. Wisner, Frank"
115006,frank g. zarb,"G. Zarb, Frank"
115807,frank mankiewicz,"Mankiewicz, Frank"
111579,franklin d. roosevelt,"D. Roosevelt, Franklin"
500390,franklin delano roosevelt,"Delano Roosevelt, Franklin"
113096,franz josef strauss,"Josef Strauss, Franz"
107532,françois de laboulaye,"de Laboulaye, François"
103752,françois duvalier,"Duvalier, François"
107792,françois lefebvre de laboulaye,"Lefebvre de Laboulaye, François"
109227,françois mitterrand,"Mitterrand, François"
101500,frederick h. boland,"H. Boland, Frederick"
106424,frederick irving,"Irving, Frederick"
116279,frederick wills,"Wills, Frederick"
106152,félix houphouet-boigny,"Houphouet-Boigny, Félix"
500392,félix pacheco,"Pacheco, Félix"
107536,g. c. lacaze,"C. Lacaze, G."
103077,g. cushing,"Cushing, G."
111518,g. e. f. rogers,"e. F. Rogers, G."
107682,g. larson,"Larson, G."
102248,g. s. carter,"S. Carter, G."
105297,g. s. gulbenkian,"S. Gulbenkian, G."
109156,g. william miller,"William Miller, G."
105012,gabriel gonzález videla,"González Videla, Gabriel"
107554,gabriel van laethem,"Van Laethem, Gabriel"
500393,gago coutinho,"Coutinho, Gago"
108853,gale w. mcgee,"W. Mcgee, Gale"
500394,gama filho,"Filho, Gama"
102855,gamani corea,"Corea, Gamani"
101080,garcia bedoya,"Bedoya, Garcia"
101801,garry e. brown,"e. Brown, Garry"
105608,gary w. hart,"W. Hart, Gary"
113554,gaston thorn,"Thorn, Gaston"
500395,gastão vidigal,"Vidigal, Gastão"
115689,geoffrey kemp,"Kemp, Geoffrey"
114226,geoffrey wallinger,"Wallinger, Geoffrey"
110959,george c. price,"C. Price, George"
102157,george canning,"Canning, George"
103126,george dalley,"Dalley, George"
100299,george e. allen,"e. Allen, George"
103170,george f. davidson,"F. Davidson, George"
109554,george h. murphy,"H. Murphy, George"
104809,george ii,George II
500396,george marshall,"Marshall, George"
108971,george meany,"Meany, George"
115876,george moe,"Moe, George"
109491,george mu,"Mu, George"
109553,george murphy,"Murphy, George"
112427,george pratt shultz,"Pratt Shultz, George"
108862,george s. mcgovern,"S. Mcgovern, George"
500397,george schultz,"Schultz, George"
104811,george v,George V
104812,george vi,George VI
101999,george w. bush,"W. Bush, George"
114313,george washington,"Washington, George"
108490,georges marchais,"Marchais, Georges"
100529,georgi a. arbatov,"A. Arbatov, Georgi"
110398,gerald l. parsky,"L. Parsky, Gerald"
500398,geraldo azevedo henning,"Azevedo Henning, Geraldo"
500399,geraldo costa,"Costa, Geraldo"
500400,geraldo freire,"Freire, Geraldo"
500401,geraldo holanda cavalcanti,"Holanda Cavalcanti, Geraldo"
500402,geraldo melo,"Melo, Geraldo"
500403,gerhard wolter,"Wolter, Gerhard"
500404,germán rodriguez fonnegra,"Rodriguez Fonnegra, Germán"
500405,gerson camata,"Camata, Gerson"
500406,getúlio dias,"Dias, Getúlio"
500407,getúlio vargas,"Vargas, Getúlio"
115124,ghulam ali allana,"Ali Allana, Ghulam"
109263,ghulam mohammed,"Mohammed, Ghulam"
500408,gilberto amado,"Amado, Gilberto"
500409,gilberto freyre,"Freyre, Gilberto"
500410,gilberto gil,"Gil, Gilberto"
500411,gilberto marinho,"Marinho, Gilberto"
500412,gilberto sá,"Sá, Gilberto"
500413,gilson amado,"Amado, Gilson"
107850,giovanni leone,"Leone, Giovanni"
100459,giulio andreotti,"Andreotti, Giulio"
500414,glauber rocha,"Rocha, Glauber"
115341,golbery do couto e silva,"do Couto e Silva, Golbery"
102009,goler t. butcher,"T. Butcher, Goler"
500415,gomes pereira,"Pereira, Gomes"
100935,gonzalo barrios,"Barrios, Gonzalo"
500416,gonçalves de oliveira ,"de Oliveira , Gonçalves"
110405,gopalaswami parthasarathi,"Parthasarathi, Gopalaswami"
113011,gordon stewart,"Stewart, Gordon"
113202,gordon sumner,"Sumner, Gordon"
500417,graça aranha,"Aranha, Graça"
113728,gregory f. treverton,"F. Treverton, Gregory"
500418,gregório bezerra,"Bezerra, Gregório"
101118,griffin b. bell,"B. Bell, Griffin"
102658,grover cleveland,"Cleveland, Grover"
500419,guglielmo marconi,"Marconi, Guglielmo"
500420,guilherme arinos,"Arinos, Guilherme"
500421,guilherme da silveira,"da Silveira, Guilherme"
500422,guilherme figueiredo,"Figueiredo, Guilherme"
500423,guilherme machado,"Machado, Guilherme"
111506,guillermo rodríguez lara,"Rodríguez Lara, Guillermo"
109607,gunnar myrdal,"Myrdal, Gunnar"
106555,gunnar v. jarring,Gunnar V. Jarring
500424,gustavo afonso capanema,"Afonso Capanema, Gustavo"
500425,gustavo barroso,"Barroso, Gustavo"
500426,gustavo capanema,"Capanema, Gustavo"
500427,gustavo gutierrez,"Gutierrez, Gustavo"
109283,guy mollet,"Mollet, Guy"
500428,góes calmon,"Calmon, Góes"
500429,góes monteiro,"Monteiro, Góes"
100482,h. g. angelo,"G. Angelo, H."
107495,h. h. kung,"H. Kung, H."
500430,h. oliveira junior,"Oliveira Junior, H."
106579,h. p. jeffrey,"P. Jeffrey, H."
108408,h. r. malik,"R. Malik, H."
500431,h. s. owen,"S. Owen, H."
105347,haakon vii,Haakon VII
102431,habib chatty,"Chatty, Habib"
100644,hafez assad,"Assad, Hafez"
112206,haile selassie,"Selassie, Haile"
104298,hamilton fish,"Fish, Hamilton"
106745,hamilton m. jordan,"M. Jordan, Hamilton"
100381,hamilton shirley amerasinghe,"Shirley Amerasinghe, Hamilton"
500432,hamilton xavier,"Xavier, Hamilton"
100506,hans apel,"Apel, Hans"
500433,hans daniels,"Daniels, Hans"
104568,hans friderichs,"Friderichs, Hans"
100413,hans g. andersen,"G. Andersen, Hans"
108670,hans matthoefer,"Matthoefer, Hans"
113799,hans n. tuch,"N. Tuch, Hans"
104803,hans-dietrich genscher,"Hans-Genscher, Dietrich"
101807,harold brown,"Brown, Harold"
107686,harold j. laski,"J. Laski, Harold"
107900,harold lever,"Lever, Harold"
100002,harold r. aaron,"R. Aaron, Harold"
114668,harold wilson,"Wilson, Harold"
500434,haroldo holanda,"Holanda, Haroldo"
500435,haroldo valadão,"Valadão, Haroldo"
101808,harrison brown,"Brown, Harrison"
113770,harry s. truman,"S. Truman, Harry"
500436,harry stone,"Stone, Harry"
116214,harry truman,"Truman, Harry"
105657,hassan ii,Hassan II
115557,hector gros espiell,"Gros Espiell, Hector"
106312,hector hurtado,"Hurtado, Hector"
108168,heinrich lübke,"Lübke, Heinrich"
500437,heitor de aquino ferreira,"de Aquino Ferreira, Heitor"
500438,heitor furtado,"Furtado, Heitor"
500439,heitor lira,"Lira, Heitor"
500440,heleno cláudio fragoso,"Cláudio Fragoso, Heleno"
500441,helio bittencourt,"Bittencourt, Helio"
107324,helmut kohl,"Kohl, Helmut"
112066,helmut schmidt,"Schmidt, Helmut"
112530,helvi sipila,"Sipila, Helvi"
104594,henri froment-meurice,"Froment-Meurice, Henri"
102183,henrique cardoso,"Cardoso, Henrique"
500442,henrique de la rocque,"de a Rocque, Henrique"
500443,henrique dodsworth,"Dodsworth, Henrique"
500444,henrique fleiuss,"Fleiuss, Henrique"
113942,henrique rodrigues valle,"Rodrigues Valle, Henrique"
500445,henrique teixeira lott,"Teixeira Lott, Henrique"
114215,henry a. wallace,"A. Wallace, Henry"
114225,henry c. wallich,"C. Wallich, Henry"
102638,henry clay,"Clay, Henry"
106341,henry j. hyde,"J. Hyde, Henry"
107252,henry kissinger,"Kissinger, Henry"
101130,henry l. bellmon,"L. Bellmon, Henry"
500447,henry maksoud,"Maksoud, Henry"
111299,henry s. reuss,"S. Reuss, Henry"
107806,herbert h. lehman,"H. Lehman, Herbert"
500448,herbert levy,"Levy, Herbert"
500449,herberto sales,"Sales, Herberto"
500450,herculano de freitas,"de Freitas, Herculano"
500451,hermano de deus nobre alves ,"de Deus Nobre Alves , Hermano"
500452,hermes da fonseca,"da Fonseca, Hermes"
500453,hermínia de souza e silva collor,"de Souza e Silva Collor, Hermínia"
111914,hernan santa cruz,"Santa Cruz, Hernan"
112475,hernán siles zuazo,"Siles Zuazo, Hernán"
500455,hervásio guimarães de carvalho,"Guimarães de Carvalho, Hervásio"
500456,hickenlooper,Hickenlooper
500457,hilda faria lima,"Faria Lima, Hilda"
109522,hilgard muller,"Muller, Hilgard"
110472,hipólito jesús paz,"Jesús Paz, Hipólito"
105953,hirohito,Hirohito
500458,hisanaga shimazu,"Shimazu, Hisanaga"
500459,hisham el shawa,"El Shawa, Hisham"
111435,holden a. roberto,"A. Roberto, Holden"
102452,hollis b. chenery,"B. Chenery, Hollis"
500460,homero santos,"Santos, Homero"
500461,honório rodrigues,"Rodrigues, Honório"
107556,horacio lafer,"Lafer, Horacio"
500462,horácio de carvalho,"de Carvalho, Horácio"
500463,horácio lafer,"Lafer, Horácio"
101601,houari boumédiene,"Boumédiene, Houari"
106211,huang hua,"Hua, Huang"
115647,hubert jack,"Jack, Hubert"
500464,hugo abreu,"Abreu, Hugo"
100843,hugo banzer,"Banzer, Hugo"
113142,hugo banzer suarez,"Banzer Suarez, Hugo"
100844,hugo banzer suárez,"Banzer Suárez, Hugo"
500465,hugo de oliveira piva,"de Oliveira Piva, Hugo"
500466,hugo napoleão,"Napoleão, Hugo"
500467,hugo pinheiro guimarães,"Pinheiro Guimarães, Hugo"
500468,humberto barreto,"Barreto, Humberto"
500469,humberto bastos,"Bastos, Humberto"
500470,humberto de campos,"de Campos, Humberto"
500471,humberto lucena,"Lucena, Humberto"
500472,humberto mauro,"Mauro, Humberto"
500473,humberto souto,"Souto, Humberto"
100489,hushang ansary,"Ansary, Hushang"
500474,hélio beltrão,"Beltrão, Hélio"
500475,hélio costa,"Costa, Hélio"
500476,hélio coutinho,"Coutinho, Hélio"
500477,hélio de almeida,"de Almeida, Hélio"
500478,hélio dutra neves,"Dutra Neves, Hélio"
500479,hélio jaguaribe,"Jaguaribe, Hélio"
500480,hélio marcos penna beltrão,"Marcos Penna Beltrão, Hélio"
500481,hélio ramos,"Ramos, Hélio"
500482,hélio scarabotolo,"Scarabotolo, Hélio"
500483,hélio silva,"Silva, Hélio"
500484,i. c. tupper,I. C. Tupper
110431,i. g. patel,I. G. Patel
112592,i. v. smirnov,I. V. Smirnov
114051,i. vertes,I. Vertes
500485,iberê gilson,"Gilson, Iberê"
500486,ibrahim sued,"Sued, Ibrahim"
500487,ichiro fujimoto,"Fujimoto, Ichiro"
100387,idi amin,"Amin, Idi"
106365,idris i,Idris I
500488,igor torres carrilho,"Torres Carrilho, Igor"
500489,ildo meneghetti,"Meneghetti, Ildo"
500490,ilmar pena marinho,"Pena Marinho, Ilmar"
108497,imelda romualdez marcos,"Romualdez Marcos, Imelda"
500491,imperatriz nagako,"Nagako, Imperatriz"
106411,in tam,"Tam, In"
115769,indalecio lievano aguirre,"Lievano Aguirre, Indalecio"
104687,indira gandhi,"Gandhi, Indira"
116199,inga thorsson,"Thorsson, Inga"
500492,iracema portella,"Portella, Iracema"
500493,irmã dulce,"Dulce, Irmã"
115970,isabel martinez de perón,"Martinez de Perón, Isabel"
104109,ismail fahmy,"Fahmy, Ismail"
109159,israel miller,"Miller, Israel"
115788,italo a. luder,"A. Luder, Italo"
500494,italo conti,"Conti, Italo"
500495,italívio coelho,"Coelho, Italívio"
104493,itamar franco,"Franco, Itamar"
500496,ivan cannabrava,"Cannabrava, Ivan"
500497,ivan lins,"Lins, Ivan"
500498,ivano gomes,"Gomes, Ivano"
500499,ivo caggiani,"Caggiani, Ivo"
500500,ivo pitanguy,"Pitanguy, Ivo"
111349,ivor richard,"Richard, Ivor"
106843,j. a. kamil,"A. Kamil, J."
500501,j. a. wright,"A. Wright, J."
4095,j. burke knapp,"Burke Knapp, J."
103189,j. c. davis,"C. Davis, J."
500503,j. c. rego monteiro,"C. Rego Monteiro, J."
500504,j. coimbra bueno,"Coimbra Bueno, J."
103181,j. davignon,"Davignon, J."
500505,j. e. brant,"e. Brant, J."
500506,j. frank da costa,"Frank da Costa, J."
500507,j. h. russo,"H. Russo, J."
500508,j. j. seabra,"J. Seabra, J."
107538,j. k. lacey,"K. Lacey, J."
103190,j. o. davis,"O. Davis, J."
111720,j. p. ruina,"P. Ruina, J."
500509,j. peres,"Peres, J."
110404,j. r. parten,"R. Parten, J."
111684,j. r. rowland,"R. Rowland, J."
102622,j. r. s. clarke,"R. S. Clarke, J."
500510,j. rodrigues da costa,"Rodrigues da Costa, J."
500511,j. s. peixoto de castro,"S. Peixoto de Castro, J."
116014,j. t. rankin,"T. Rankin, J."
112318,j. v. w. shaw,J. V. W. Shaw
103046,j. w. s. cumes,"W. S. Cumes, J."
100432,jack anderson,"Anderson, Jack"
113929,jack j. valenti,"J. Valenti, Jack"
500512,jack kubish,"Kubish, Jack"
100530,jacobo arbenz guzmán,"Arbenz Guzmán, Jacobo"
103281,jacques de folin,"de Folin, Jacques"
500513,jacques maritain,"Maritain, Jacques"
102506,jacques r. chirac,"R. Chirac, Jacques"
500514,jacy magalhães,"Magalhães, Jacy"
110762,jaime de pinies,"de Pinies, Jaime"
500515,jaime lerner,"Lerner, Jaime"
111293,james b. reston,"B. Reston, James"
109709,james c. nelson,"C. Nelson, James"
102105,james callaghan,"Callaghan, James"
103724,james clement dunn,"Clement Dunn, James"
114676,james harold wilson,"Harold Wilson, James"
106656,james johnson,"Johnson, James"
107043,james keogh,"Keogh, James"
108321,james madison,"Madison, James"
102926,james p. covey,"P. Covey, James"
106980,james r. keith,"R. Keith, James"
112054,james r. schlesinger,"R. Schlesinger, James"
111468,james robinson,"Robinson, James"
105360,james t. hackett,"T. Hackett, James"
100398,jamshid amouzegar,"Amouzegar, Jamshid"
106832,jan h. kalicki,"H. Kalicki, Jan"
106514,janet jagan,"Jagan, Janet"
500516,jarbas passarinho,"Passarinho, Jarbas"
500517,jarbas vasconcelos,"Vasconcelos, Jarbas"
500518,javier murillo de la rocha,"Murillo de a Rocha, Javier"
102538,jean chretien,"Chretien, Jean"
500519,jean chrétien,"Chrétien, Jean"
102844,jean coradin,"Coradin, Jean"
104496,jean françois-poncet,"François-Poncet, Jean"
109294,jean monnet,"Monnet, Jean"
111972,jean sauvagnargues,"Sauvagnargues, Jean"
101497,jean-bedel bokassa,"Jean-Bokassa, Bedel"
103353,jean-françois deniau,"Jean-Deniau, François"
104464,jean-pierre fourcade,"Jean-Fourcade, Pierre"
104084,jens evensen,"Evensen, Jens"
115671,jerome h. kahan,"H. Kahan, Jerome"
105787,jesse r. helms,"R. Helms, Jesse"
100433,jim anderson,"Anderson, Jim"
108551,jim b. marshall,"B. Marshall, Jim"
115745,jim leach,"Leach, Jim"
500520,jimmy carter,"Carter, Jimmy"
115878,joan mondale,"Mondale, Joan"
102511,joaquim alberto chissano,"Alberto Chissano, Joaquim"
500521,joaquim do amaral,"do Amaral, Joaquim"
500522,joaquim nabuco,"Nabuco, Joaquim"
500523,joaquim ramos,"Ramos, Joaquim"
500524,joaquim távora,"Távora, Joaquim"
500525,joaquim vespasiano ramos,"Vespasiano Ramos, Joaquim"
500526,johan frederick,"Frederick, Johan"
101332,john a. birch,"A. Birch, John"
100096,john adams,"Adams, John"
101894,john buckle,"Buckle, John"
103044,john c. culver,"C. Culver, John"
102376,john chancellor,"Chancellor, John"
103056,john cunningham,"Cunningham, John"
104321,john f. fitzgerald,"F. Fitzgerald, John"
113829,john f. turner,"F. Turner, John"
103703,john foster dulles,"Foster Dulles, John"
108995,john gordon mein,"Gordon Mein, John"
111358,john h. richardson,"H. Richardson, John"
102983,john hugh crimmins,"Hugh Crimmins, John"
111327,john i. m. rhodes,John I. M. Rhodes
104322,john j. fitzgerald,"J. Fitzgerald, John"
106397,john j. ingersoll,"J. Ingersoll, John"
107026,john j. kennedy,"J. Kennedy, John"
107555,john j. lafalce,"J. Lafalce, John"
112807,john j. sparkman,"J. Sparkman, John"
106564,john jay,"Jay, John"
107025,john kennedy,"Kennedy, John"
104659,john kenneth galbraith,"Kenneth Galbraith, John"
101896,john l. buckley,"L. Buckley, John"
107075,john maynard keynes,"Maynard Keynes, John"
110421,john o. pastore,"O. Pastore, John"
115235,john p. boright,"P. Boright, John"
100097,john quincy adams,"Quincy Adams, John"
500528,john reginald cotrim,"Reginald Cotrim, John"
111379,john rielly,"Rielly, John"
115541,john t. gorham,"T. Gorham, John"
112636,john v. smith,John V. Smith
104306,john w. fisher,"W. Fisher, John"
104452,john w. foster,"W. Foster, John"
114055,john w. vessey,"W. Vessey, John"
107042,jomo kenyatta,"Kenyatta, Jomo"
111979,jonas malheiro savimbi,"Malheiro Savimbi, Jonas"
103373,joop den uyl,"Den Uyl, Joop"
500529,jorge alberto romeiro,"Alberto Romeiro, Jorge"
100997,jorge batlle,"Batlle, Jorge"
500530,jorge de carvalho e silva,"de Carvalho e Silva, Jorge"
103455,jorge diaz serrano,"Diaz Serrano, Jorge"
106385,jorge e. illueca,"e. Illueca, Jorge"
500531,jorge latour,"Latour, Jorge"
110265,jorge pacheco areco,"Pacheco Areco, Jorge"
114066,jorge rafael videla,"Rafael Videla, Jorge"
500532,jorge ribeiro,"Ribeiro, Jorge"
500533,jorge wilheim,"Wilheim, Jorge"
103306,jose de la puente radbill,"de a Puente Radbill, Jose"
108329,jose de magalhaes pinto,"de Magalhaes Pinto, Jose"
110885,jose lopez portillo,"Lopez Portillo, Jose"
111945,jose sarney,"Sarney, Jose"
109194,joseph g. minish,"G. Minish, Joseph"
112538,joseph j. sisco,"J. Sisco, Joseph"
106766,joseph john jova,"John Jova, Joseph"
107414,joseph kraft,"Kraft, Joseph"
102648,joseph quao cleland,"Quao Cleland, Joseph"
109980,joseph s. nye,"S. Nye, Joseph"
112150,joseph w. scott,"W. Scott, Joseph"
109886,joshua nkomo,"Nkomo, Joshua"
113600,josip broz tito,"Broz Tito, Josip"
116246,josip vrhovec,"Vrhovec, Josip"
500535,josué de castro,"de Castro, Josué"
500536,josué montello,"Montello, Josué"
500537,josé alberto,"Alberto, José"
115818,josé alfredo martínez de hoz,"Alfredo Martínez de Hoz, José"
500538,josé artigas,"Artigas, José"
500539,josé artur denot medeiros,"Artur Denot Medeiros, José"
115512,josé ber gelbard,"Ber Gelbard, José"
500540,josé bonifácio de andrada e silva,"Bonifácio de Andrada e Silva, José"
500541,josé camargo,"Camargo, José"
500542,josé carlos de macedo soares,"Carlos de Macedo Soares, José"
500543,josé carlos moreira,"Carlos Moreira, José"
500544,josé costa,"Costa, José"
500545,josé da silva,"da Silva, José"
500546,josé de magalhães pinto,"de Magalhães Pinto, José"
500547,josé de sá,"de Sá, José"
500548,josé dion de melo teles,"Dion de Melo Teles, José"
500549,josé dirceu ,"Dirceu , José"
500550,josé duarte,"Duarte, José"
500551,josé dácio afonso miranda,"Dácio Afonso Miranda, José"
500552,josé eduardo dos santos,"Eduardo dos Santos, José"
500553,josé eugênio de macedo soares,"Eugênio de Macedo Soares, José"
500554,josé faustino,"Faustino, José"
500555,josé fragelli,"Fragelli, José"
500556,josé francisco da silva,"Francisco da Silva, José"
500557,josé gomes talarico,"Gomes Talarico, José"
500558,josé guilherme merquior,"Guilherme Merquior, José"
500559,josé guimarães,"Guimarães, José"
500560,josé hilário,"Hilário, José"
500561,josé jobim,"Jobim, José"
500562,josé lino,"Lino, José"
500563,josé lins,"Lins, José"
500564,josé lopes,"Lopes, José"
500565,josé lopez portillo,"Lopez Portillo, José"
500566,josé magalhães,"Magalhães, José"
500567,josé maria de carvalho,"Maria de Carvalho, José"
500568,josé maria de toledo camargo,"Maria de Toledo Camargo, José"
500569,josé maria marin,"Maria Marin, José"
500570,josé maurício,"Maurício, José"
108717,josé maza,"Maza, José"
500571,josé mindlin,"Mindlin, José"
500572,josé monte,"Monte, José"
500573,josé pinto,"Pinto, José"
500574,josé sarney,"Sarney, José"
500575,josé serra,"Serra, José"
500576,josé sette câmara,"Sette Câmara, José"
500577,josé silveira,"Silveira, José"
500578,josé vicente de sá pimentel,"Vicente de Sá Pimentel, José"
500579,josé viegas,"Viegas, José"
500580,josé vieira da silva,"Vieira da Silva, José"
116238,josé villa,"Villa, José"
115984,joão baptista pinheiro,"Baptista Pinheiro, João"
500581,joão batista pinheiro,"Batista Pinheiro, João"
105074,joão belchior marques goulart,"Belchior Marques Goulart, João"
500582,joão bina machado,"Bina Machado, João"
500583,joão bosco,"Bosco, João"
500584,joão clemente baena soares,"Clemente Baena Soares, João"
500585,joão cleofas,"Cleofas, João"
500586,joão costa,"Costa, João"
500587,joão cunha,"Cunha, João"
500588,joão gomes,"Gomes, João"
500589,joão gomes martins filho,"Gomes Martins Filho, João"
500590,joão goulart,"Goulart, João"
500591,joão havelange,"Havelange, João"
500592,joão leitão de abreu,"Leitão de Abreu, João"
500593,joão linhares,"Linhares, João"
500594,joão mangabeira,"Mangabeira, João"
500595,joão mendes,"Mendes, João"
500596,joão menezes,"Menezes, João"
109741,joão neves da fontoura,"Neves da Fontoura, João"
500597,joão nogueira,"Nogueira, João"
500598,joão paulo dos reis velloso,"Paulo dos Reis Velloso, João"
500599,joão pedro,"Pedro, João"
500600,joão pessoa,"Pessoa, João"
500601,joão pinheiro,"Pinheiro, João"
500602,joão satte,"Satte, João"
500603,joão vicente goulart ,"Vicente Goulart , João"
113294,juan antonio tack,"Antonio Tack, Juan"
101575,juan bosch,"Bosch, Juan"
500604,juan carlos blanco,"Carlos Blanco, Juan"
106778,juan carlos i,Juan Carlos I
110568,juan domingo perón,"Domingo Perón, Juan"
115232,juan maria bordaberry,"Maria Bordaberry, Juan"
115966,juan pereda asbún,"Pereda Asbún, Juan"
114029,juan velasco alvarado,"Velasco Alvarado, Juan"
500606,juarez távora,"Távora, Juarez"
109240,jules moch,"Moch, Jules"
116225,julio c. vadora,"C. Vadora, Julio"
113821,julio cesar turbay ayala,"Cesar Turbay Ayala, Julio"
109981,julius k. nyerere,"K. Nyerere, Julius"
500607,juracy magalhães,"Magalhães, Juracy"
500608,juscelino kubitschek,"Kubitschek, Juscelino"
107484,juscelino kubitschek de oliveira,"Kubitschek de Oliveira, Juscelino"
6267,jânio quadros,"Quadros, Jânio"
500610,júlio barata,"Barata, Júlio"
500611,júlio dantas,"Dantas, Júlio"
500612,júlio de castilhos,"de Castilhos, Júlio"
500613,júlio lopes,"Lopes, Júlio"
107586,k. b. lall,"B. Lall, K."
116288,k. c. wu,"C. Wu, K."
100762,k. h. bailey,"H. Bailey, K."
500614,k. kato,"Kato, K."
114469,k. whalley,"Whalley, K."
113341,kakuei tanaka,"Tanaka, Kakuei"
102243,karl carstens,"Carstens, Karl"
106937,kenneth david kaunda,"David Kaunda, Kenneth"
111525,kenneth n. rogers,"N. Rogers, Kenneth"
100165,kiichi aichi,"Aichi, Kiichi"
109231,kiichi miyazawa,"Miyazawa, Kiichi"
107170,kim dae jung,"Dae Jung, Kim"
107176,kim il sung,"Il Sung, Kim"
500615,klaus kinkel,"Kinkel, Klaus"
104604,knut frydenlund,"Frydenlund, Knut"
100118,konrad adenauer,"Adenauer, Konrad"
500616,kuniyoshi date,"Date, Kuniyoshi"
114185,kurt j. waldheim,"J. Waldheim, Kurt"
500617,kurt politzer,"Politzer, Kurt"
109887,kwame nkrumah,"Nkrumah, Kwame"
500618,laerte vieira,"Vieira, Laerte"
500619,lafayette de andrada,"de Andrada, Lafayette"
500620,laudo natel ,"Natel , Laudo"
108884,laurence r. mcintyre,"R. Mcintyre, Laurence"
500621,lauro escorel,"Escorel, Lauro"
500622,lauro müller,"Müller, Lauro"
500623,lauro sodré,"Sodré, Lauro"
114858,layachi yaker,"Yaker, Layachi"
107773,le duc tho,"Duc Tho, e"
107880,le trang,"Trang, e"
500624,leda boechat rodrigues,"Boechat Rodrigues, Leda"
500625,leda collor de mello,"Collor de Mello, Leda"
111185,leigh s. ratiner,"S. Ratiner, Leigh"
103101,leitao da cunha,"da Cunha, Leitao"
500626,leite chaves,"Chaves, Leite"
500627,leite de castro,"de Castro, Leite"
500628,leitão de abreu,"de Abreu, Leitão"
113594,leo c. tindemans,"C. Tindemans, Leo"
111771,leo j. ryan,"J. Ryan, Leo"
114787,leonard f. woodcock,"F. Woodcock, Leonard"
104724,leonard garment,"Garment, Leonard"
101759,leonel brizola,"Brizola, Leonel"
500629,leonid brejnev,"Brejnev, Leonid"
101726,leonid i. brezhnev,Leonid I. Brezhnev
113860,leopold quarles van ufford,"Quarles Van Ufford, Leopold"
101164,leopoldo benites,"Benites, Leopoldo"
100671,les aucoin,"Aucoin, es"
111857,leverett saltonstall,"Saltonstall, Leverett"
500630,levi carneiro,"Carneiro, Levi"
104915,lewis girdler,"Girdler, Lewis"
114075,león vilarin,"Vilarin, León"
500631,leônidas sampaio,"Sampaio, Leônidas"
108040,li xiannian,"Xiannian, Li"
500632,lima câmara,"Câmara, Lima"
2877,lincoln gordon,"Gordon, Lincoln"
101439,lincoln p. bloomfield,"P. Bloomfield, Lincoln"
101964,linden forbes sampson burnham,"Forbes Sampson Burnham, Linden"
500634,lindolfo collor,"Collor, Lindolfo"
101198,lloyd bentsen,"Bentsen, Lloyd"
108098,lon nol,"Nol, Lon"
108629,lopez mateos,"Mateos, Lopez"
115890,lord moran,"Moran, Lord"
500635,lorenzo fernandes,"Fernandes, Lorenzo"
105293,louis de guiringaud,"de Guiringaud, Louis"
105586,louis harris,"Harris, Louis"
109935,louis v. n. nosenzo,Louis V. N. Nosenzo
500636,lourival batista,"Batista, Lourival"
114377,lowell p. weicker,"P. Weicker, Lowell"
108108,lucas lopes,"Lopes, Lucas"
500637,lucas mendes,"Mendes, Lucas"
500638,lucas nogueira garcez,"Nogueira Garcez, Lucas"
111019,lucian pye,"Pye, Lucian"
500639,lucilo haddock lobo,"Haddock Lobo, Lucilo"
115509,lucio garcia del solar,"Garcia Del Solar, Lucio"
500640,lucy geisel,"Geisel, Lucy"
104015,ludwig erhard,"Erhard, Ludwig"
109213,luigi ciriaco de mita,"Ciriaco de Mita, Luigi"
103878,luigi einaudi,"Einaudi, Luigi"
103879,luigi r. einaudi,"R. Einaudi, Luigi"
111061,luis quintanilla,"Quintanilla, Luis"
116005,luis v. queirolo,Luis V. Queirolo
500641,luiz cláudio de almeida magalhães,"Cláudio de Almeida Magalhães, Luiz"
500642,luiz dias,"Dias, Luiz"
500643,luiz felipe lampreia,"Felipe Lampreia, Luiz"
500644,luiz felipe seixas corrêa,"Felipe Seixas Corrêa, Luiz"
500645,luiz felipe teixeira soares,"Felipe Teixeira Soares, Luiz"
500646,luiz gonzaga do nascimento e silva,"Gonzaga do Nascimento e Silva, Luiz"
500647,luiz pinto,"Pinto, Luiz"
500648,luiz rafael mayer,"Rafael Mayer, Luiz"
500649,luiz simões lopes,"Simões Lopes, Luiz"
500650,luiz viana,"Viana, Luiz"
500651,luiz viana filho,"Viana Filho, Luiz"
500652,luís carlos prestes,"Carlos Prestes, Luís"
500653,luís cavalcanti,"Cavalcanti, Luís"
500654,luís gonzaga do nascimento ,"Gonzaga do Nascimento , Luís"
500655,luís rey,"Rey, Luís"
500656,luís teixeira martini,"Teixeira Martini, Luís"
500657,luís viana,"Viana, Luís"
500658,luís viana filho,"Viana Filho, Luís"
110759,lynden o. pindling,"O. Pindling, Lynden"
3762,lyndon b. johnson,"B. Johnson, Lyndon"
500660,lysâneas maciel,"Maciel, Lysâneas"
112227,léopold sédar senghor,"Sédar Senghor, Léopold"
500661,lúcia magalhães,"Magalhães, Lúcia"
500662,lúcia ueki,"Ueki, Lúcia"
500663,lúcio costa,"Costa, Lúcio"
500664,lúcio meira,"Meira, Lúcio"
110638,m. alain peyrefitte,"Alain Peyrefitte, M."
500665,m. bastos,"Bastos, M."
500666,m. france,"France, M."
110912,m. l. power,"L. Power, M."
100005,m. m. abbas,"M. Abbas, M."
100152,m. m. ahmad,"M. Ahmad, M."
500667,macdowell leite de castro,"Leite de Castro, Macdowell"
500668,macedo soares,"Soares, Macedo"
500669,machado de assis,"de Assis, Machado"
500670,mahatma gandhi,"Gandhi, Mahatma"
111330,mahmoud riad,"Riad, Mahmoud"
111101,majid rahnema,"Rahnema, Majid"
104523,malcolm fraser,"Fraser, Malcolm"
500671,maluly neto,"Neto, Maluly"
101910,mandungu bula nyati,"Bula Nyati, Mandungu"
500672,manoel abud,"Abud, Manoel"
500673,manoel fiel filho,"Fiel Filho, Manoel"
500674,manoel gonçalves ferreira filho,"Gonçalves Ferreira Filho, Manoel"
500675,manoel pio corrêa,"Pio Corrêa, Manoel"
500676,manoel pio corrêa júnior,"Pio Corrêa Júnior, Manoel"
100692,manuel avila camacho,"Avila Camacho, Manuel"
500677,manuel bandeira,"Bandeira, Manuel"
110554,manuel pérez guerrero,"Pérez Guerrero, Manuel"
113866,manuel ulloa,"Ulloa, Manuel"
500678,manuel ávila camacho,"Ávila Camacho, Manuel"
500679,mao tsé tung,"Tsé Tung, Mao"
500680,marcas e patentes,"e Patentes, Marcas"
114924,marcel yondo,"Yondo, Marcel"
103606,marcelino dos santos,"dos Santos, Marcelino"
500681,marcelo caetano,"Caetano, Marcelo"
500682,marcelo damy,"Damy, Marcelo"
500683,marcelo santiago costa,"Santiago Costa, Marcelo"
500684,marcial dias pequeno,"Dias Pequeno, Marcial"
103410,marcio de souza e mello,"de Souza e Mello, Marcio"
500685,marco maciel,"Maciel, Marco"
500686,marcondes gadelha,"Gadelha, Marcondes"
500687,marcos almir madeira,"Almir Madeira, Marcos"
500688,marcos coimbra,"Coimbra, Marcos"
115337,marcos cortes,"Cortes, Marcos"
500689,marcos freire,"Freire, Marcos"
500690,marcílio marques moreira,"Marques Moreira, Marcílio"
113475,margaret thatcher,"Thatcher, Margaret"
108512,margrethe ii,Margrethe II
500691,maria capanema,"Capanema, Maria"
500692,maria pinheiro,"Pinheiro, Maria"
500693,maria sabina,"Sabina, Maria"
111726,mariano rumor,"Rumor, Mariano"
104868,mario gibson barboza,"Gibson Barboza, Mario"
111900,mario sandoval alarcón,"Sandoval Alarcón, Mario"
102525,mark chona,"Chona, Mark"
500694,marques de oliveira,"de Oliveira, Marques"
112425,marshall d. shulman,"D. Shulman, Marshall"
114402,marvin weissman,"Weissman, Marvin"
110036,masayoshi ōhira,"Ōhira, Masayoshi"
500695,mato grosso do sul,"Grosso do Sul, Mato"
115203,maurice bishop,"Bishop, Maurice"
102925,maurice couve de murville,"Couve de Murville, Maurice"
104172,maurice faure,"Faure, Maurice"
113114,maurice strong,"Strong, Maurice"
107017,maurice w. kendall,"W. Kendall, Maurice"
500696,mauro benevides,"Benevides, Mauro"
500697,mauro borges,"Borges, Mauro"
500698,mauro salles,"Salles, Mauro"
500699,mauro thibau,"Thibau, Mauro"
500700,maury gurgel valente,"Gurgel Valente, Maury"
500701,maurício rangel reis,"Rangel Reis, Maurício"
500702,maurício schulman,"Schulman, Maurício"
104511,max frankel,"Frankel, Max"
109420,max k. morris,"K. Morris, Max"
104307,max m. fisher,"M. Fisher, Max"
113971,max van der stoel,"Van der Stoel, Max"
100897,maynard b. barnes,"B. Barnes, Maynard"
101930,mcgeorge bundy,"Bundy, Mcgeorge"
116058,mckinney h. russell,"H. Russell, Mckinney"
111866,mehdi samii,"Samii, Mehdi"
500703,meira de vasconcelos,"de Vasconcelos, Meira"
109046,melina mercouri,"Mercouri, Melina"
500704,mello freire,"Freire, Mello"
107574,melvin r. laird,"R. Laird, Melvin"
500705,mem de sá,"de Sá, Mem"
101090,menachem begin,"Begin, Menachem"
500706,mendes viana,"Viana, Mendes"
500707,mendonça lima,"Lima, Mendonça"
500708,mercedes benz do brasil,"Benz do Brasil, Mercedes"
112649,michael b. smith,"B. Smith, Michael"
110886,michael h. posner,"H. Posner, Michael"
108458,michael n. manley,"N. Manley, Michael"
110305,michael palliser,"Palliser, Michael"
500709,michael ramsey,"Ramsey, Michael"
112151,michael scott,"Scott, Michael"
106620,michel jobert,"Jobert, Michel"
107799,michel legendre,"Legendre, Michel"
500710,michel legrand,"Legrand, Michel"
500711,miguel aleman,"Aleman, Miguel"
102178,miguel angel carcano,"Angel Carcano, Miguel"
500712,miguel arraes,"Arraes, Miguel"
500713,miguel colassuono,"Colassuono, Miguel"
500714,miguel couto,"Couto, Miguel"
500715,miguel lemos,"Lemos, Miguel"
500716,miguel osório de almeida,"Osório de Almeida, Miguel"
500717,miguel reale,"Reale, Miguel"
500718,miguel torga,"Torga, Miguel"
115009,miguel ángel zavala ortiz,"Ángel Zavala Ortiz, Miguel"
100965,milan bartos,"Bartos, Milan"
104215,millicent h. fenwick,"H. Fenwick, Millicent"
109193,milos minic,"Minic, Milos"
500719,milton cabral,"Cabral, Milton"
500720,milton campos,"Campos, Milton"
104571,milton fried,"Fried, Milton"
104579,milton friedman,"Friedman, Milton"
500721,milton gonçalves,"Gonçalves, Milton"
106925,milton katz,"Katz, Milton"
500722,milton soares,"Soares, Milton"
500723,milton telles ribeiro,"Telles Ribeiro, Milton"
500724,miranda jordão,"Jordão, Miranda"
102123,miriam camp,"Camp, Miriam"
102149,miriam camps,"Camps, Miriam"
500725,mirian leitão,"Leitão, Mirian"
500726,miro teixeira,"Teixeira, Miro"
110425,misael pastrana borrero,"Pastrana Borrero, Misael"
112309,mitchell w. sharp,"W. Sharp, Mitchell"
500727,moacir barcelos potiguara,"Barcelos Potiguara, Moacir"
500728,moacyr dalla,"Dalla, Moacyr"
109239,mobutu sese seko,"Sese Seko, Mobutu"
109261,mohamed ali,"Ali, Mohamed"
110290,mohammad reza pahlavi,"Reza Pahlavi, Mohammad"
109266,mohammed v,Mohammed V
112575,mongi slim,"Slim, Mongi"
500729,monteiro de carvalho,"de Carvalho, Monteiro"
500730,monteiro de castro,"de Castro, Monteiro"
500731,monteiro lobato,"Lobato, Monteiro"
500732,morais rêgo,"Rêgo, Morais"
500733,moreira lima,"Lima, Moreira"
113856,morris k. udall,"K. Udall, Morris"
105439,morton h. halperin,"H. Halperin, Morton"
103235,moshe dayan,"Dayan, Moshe"
104014,moshe erell,"Erell, Moshe"
500734,moura e silva,"e Silva, Moura"
113716,moussa traore,"Traore, Moussa"
500735,mozart gurgel valente,"Gurgel Valente, Mozart"
114181,munyua waiyaki,"Waiyaki, Munyua"
500736,murillo mendes,"Mendes, Murillo"
500737,murilo badaró,"Badaró, Murilo"
108506,murrey marder,"Marder, Murrey"
107428,myron b. kratzer,"B. Kratzer, Myron"
500738,márcio fortes,"Fortes, Márcio"
500739,márcio moreira alves,"Moreira Alves, Márcio"
500740,mário alves,"Alves, Mário"
500741,mário david andreazza,"David Andreazza, Mário"
500742,mário de pimentel brandão,"de Pimentel Brandão, Mário"
500743,mário dias,"Dias, Mário"
500744,mário garnero,"Garnero, Mário"
116120,mário henrique simonsen,"Henrique Simonsen, Mário"
500745,mário lemos,"Lemos, Mário"
500746,mário melo,"Melo, Mário"
7162,mário soares,"Soares, Mário"
500748,n. brandão,"Brandão, N."
106831,n. kaldor,"Kaldor, N."
100184,n. u. akpan,"U. Akpan, N."
500749,napoleão bonaparte,"Bonaparte, Napoleão"
500750,nascimento brito,"Brito, Nascimento"
103999,nasrollah entezam,"Entezam, Nasrollah"
111876,nathaniel d. samuels,"D. Samuels, Nathaniel"
103203,nathaniel davis,"Davis, Nathaniel"
112546,ndabaningi sithole,"Sithole, Ndabaningi"
114693,ne win,"Win, Ne"
500751,nehemias gueiros,"Gueiros, Nehemias"
500752,nei braga,"Braga, Nei"
500753,nelson carneiro,"Carneiro, Nelson"
500754,nelson gomes teixeira,"Gomes Teixeira, Nelson"
500755,nelson hungria,"Hungria, Nelson"
500756,nelson marchezan,"Marchezan, Nelson"
111487,nelson rockefeller,"Rockefeller, Nelson"
500758,nelson tabajara,"Tabajara, Nelson"
500759,nelson teixeira,"Teixeira, Nelson"
102368,neville chamberlain,"Chamberlain, Neville"
500760,ney lopes,"Lopes, Ney"
109808,nguyen thanh,"Thanh, Nguyen"
102884,nicanor costa mendez,"Costa Mendez, Nicanor"
102333,nicolae ceausescu,"Ceausescu, Nicolae"
115640,nicolae ionescu,"Ionescu, Nicolae"
110819,nikolai v. podgorny,Nikolai V. Podgorny
500763,nilo peçanha,"Peçanha, Nilo"
500764,nilton de oliveira,"de Oliveira, Nilton"
500765,nina rodrigues,"Rodrigues, Nina"
107248,nobusuke kishi,"Kishi, Nobusuke"
500766,noel de almeida,"de Almeida, Noel"
105792,noel hemmendinger,"Hemmendinger, Noel"
112465,norodom sihanouk,"Sihanouk, Norodom"
500767,nunyua waiyaki ,"Waiyaki , Nunyua"
500768,o. rosa n. da silva,"Rosa N. da Silva, O."
500769,odilo costa filho,"Costa Filho, Odilo"
500770,odilon braga,"Braga, Odilon"
100563,okoi arikpo,"Arikpo, Okoi"
500771,olagid alo,"Alo, Olagid"
500772,olavo bilac,"Bilac, Olavo"
500773,olavo hansen,"Hansen, Olavo"
500774,olavo v,Olavo V
100249,ole algard,"Algard, Ole"
500775,oliveira lima,"Lima, Oliveira"
500776,oliveira reis,"Reis, Oliveira"
500777,oliveira viana,"Viana, Oliveira"
108088,olivier long,"Long, Olivier"
110307,olof palme,"Palme, Olof"
111777,olof rydbeck,"Rydbeck, Olof"
109990,olusegun obasanjo,"Obasanjo, Olusegun"
500778,omar al-sakkaf,"Al-Sakkaf, Omar"
101529,omar bongo,"Bongo, Omar"
113657,omar torrijos herrera,"Torrijos Herrera, Omar"
500779,orestes quércia,"Quércia, Orestes"
115098,orlando agosti,"Agosti, Orlando"
500780,orlando carbonar,"Carbonar, Orlando"
500781,orlando geisel,"Geisel, Orlando"
500782,orlando leite ribeiro,"Leite Ribeiro, Orlando"
500783,orlando moscoso,"Moscoso, Orlando"
500784,orosimbo nonato,"Nonato, Orosimbo"
500785,ortiz mena,"Mena, Ortiz"
115097,oscar adriázola valda,"Adriázola Valda, Oscar"
500786,oscar bloch,"Bloch, Oscar"
500787,oscar freire,"Freire, Oscar"
500788,oscar hector camilión,"Hector Camilión, Oscar"
500789,oscar niemeyer,"Niemeyer, Oscar"
500790,oscar saraiva,"Saraiva, Oscar"
500791,oscar tenório,"Tenório, Oscar"
110062,osman olcay,"Olcay, Osman"
500792,osvaldo trigueiro,"Trigueiro, Osvaldo"
100526,oswaldo aranha,"Aranha, Oswaldo"
500793,oswaldo cruz,"Cruz, Oswaldo"
108111,oswaldo lópez arellano,"López Arellano, Oswaldo"
500794,osório de almeida,"de Almeida, Osório"
113863,otilio ulate blanco,"Ulate Blanco, Otilio"
107603,otto graf lambsdorff,"Graf Lambsdorff, Otto"
101351,otto von bismarck,"Von Bismarck, Otto"
114440,otto werner,"Werner, Otto"
114720,otto winzer,"Winzer, Otto"
101912,otávio gouvéia de bulhões,"Gouvéia de Bulhões, Otávio"
500795,otávio gouvêa de bulhões,"Gouvêa de Bulhões, Otávio"
500796,otávio mangabeira,"Mangabeira, Otávio"
102890,p. costello,"Costello, P."
115132,p. h. amr,"H. Amr, P."
105463,p. m. hamilton,"M. Hamilton, P."
112729,p. v. j. solomon,P. V. J. Solomon
500797,pacheco de oliveira,"de Oliveira, Pacheco"
500798,paes barreto,"Barreto, Paes"
500799,pandiá calógeras,"Calógeras, Pandiá"
500800,papa joão paulo i,Papa João Paulo I
500801,papa paulo vi,Papa Paulo VI
500802,paranhos da silveira,"da Silveira, Paranhos"
110369,park chung hee,"Chung Hee, Park"
500803,parsifal barroso,"Barroso, Parsifal"
108201,patrice e. lumumba,"e. Lumumba, Patrice"
109881,patricia nixon,"Nixon, Patricia"
102265,patricio carvajal prado,"Carvajal Prado, Patricio"
500804,patrick holland,"Holland, Patrick"
100987,paul bastid,"Bastid, Paul"
115214,paul blanchet,"Blanchet, Paul"
100099,paul d. adams,"D. Adams, Paul"
108340,paul e. magloire,"e. Magloire, Paul"
103991,paul engo,"Engo, Paul"
104270,paul findley,"Findley, Paul"
104506,paul frank,"Frank, Paul"
107438,paul h. kreisberg,"H. Kreisberg, Paul"
108210,paul j. f. lusaka,"J. F. Lusaka, Paul"
112794,paul-henri spaak,"Paul-Spaak, Henri"
500805,paulino cícero,"Cícero, Paulino"
500806,paulo brossard,"Brossard, Paulo"
500807,paulo cabral,"Cabral, Paulo"
500808,paulo carneiro,"Carneiro, Paulo"
500809,paulo cunha,"Cunha, Paulo"
500810,paulo da costa franco,"da Costa Franco, Paulo"
500811,paulo de frontin,"de Frontin, Paulo"
500812,paulo egydio martins,"Egydio Martins, Paulo"
500813,paulo evaristo arns,"Evaristo Arns, Paulo"
500814,paulo ferraz,"Ferraz, Paulo"
500815,paulo guerra,"Guerra, Paulo"
500816,paulo i. lopes,Paulo I. Lopes
500817,paulo j. lopes,"J. Lopes, Paulo"
500818,paulo leão de moura,"Leão de Moura, Paulo"
500819,paulo lopes corrêa,"Lopes Corrêa, Paulo"
500820,paulo lyra,"Lyra, Paulo"
500821,paulo machado,"Machado, Paulo"
500822,paulo mafra,"Mafra, Paulo"
500823,paulo mendes,"Mendes, Paulo"
500824,paulo niemeyer,"Niemeyer, Paulo"
500825,paulo nogueira batista,"Nogueira Batista, Paulo"
500826,paulo pimentel,"Pimentel, Paulo"
500827,paulo roberto krahe,"Roberto Krahe, Paulo"
500828,paulo romano,"Romano, Paulo"
500829,paulo silva,"Silva, Paulo"
500830,paulo tarso flecha de lima,"Tarso Flecha de Lima, Paulo"
500831,paulo torres,"Torres, Paulo"
500832,paulo vidal,"Vidal, Paulo"
500833,paulo vieira belotti,"Vieira Belotti, Paulo"
500834,paz estenssoro,"Estenssoro, Paz"
500835,pedro aleixo,"Aleixo, Pedro"
500836,pedro calmon,"Calmon, Pedro"
500837,pedro ernesto,"Ernesto, Pedro"
100523,pedro eugenio aramburu,"Eugenio Aramburu, Pedro"
500838,pedro ii,Pedro II
500839,pedro maciel vidigal,"Maciel Vidigal, Pedro"
500840,pedroso horta,"Horta, Pedroso"
500841,peixoto de castro,"de Castro, Peixoto"
500842,penha brasil,"Brasil, Penha"
500843,penna botto,"Botto, Penna"
500844,pereira carneiro,"Carneiro, Pereira"
500845,pereira lima,"Lima, Pereira"
500846,pereira passos,"Passos, Pereira"
114206,peter c. walker,"C. Walker, Peter"
110613,peter g. peterson,"G. Peterson, Peter"
105836,peter hermes,"Hermes, Peter"
106566,peter jay,"Jay, Peter"
110612,peter peterson,"Peterson, Peter"
115994,petronio portella,"Portella, Petronio"
500847,petrônio portella,"Portella, Petrônio"
109074,pierre a. messmer,"A. Messmer, Pierre"
113757,pierre elliott trudeau,"Elliott Trudeau, Pierre"
104798,pierre gemayel,"Gemayel, Pierre"
500848,pinheiro machado,"Machado, Pinheiro"
500849,pinto de moura,"de Moura, Pinto"
500850,pio correia,"Correia, Pio"
500851,pio corrêa,"Corrêa, Pio"
500852,pires do rio,"do Rio, Pires"
500853,plínio salgado,"Salgado, Plínio"
500854,pontes de miranda,"de Miranda, Pontes"
500855,prado kelly,"Kelly, Prado"
500856,pratini de moraes,"de Moraes, Pratini"
500857,princesa alexandra,"Alexandra, Princesa"
500858,prisco paraíso,"Paraíso, Prisco"
500859,prisco viana,"Viana, Prisco"
500860,prudente de morais,"de Morais, Prudente"
500861,príncipe charles,"Charles, Príncipe"
500862,príncipe philip,"Philip, Príncipe"
116024,ptolemy reid,"Reid, Ptolemy"
115784,pál losonczi,"Losonczi, Pál"
108732,r. d. c. mcalpine,"D. C. Mcalpine, R."
103157,r. darst,"Darst, R."
103700,r. e. dulin,"e. Dulin, R."
101820,r. f. brown,"F. Brown, R."
108290,r. g. mackay,"G. Mackay, R."
113067,r. g. w. stone,"G. W. Stone, R."
108617,r. h. mason,"H. Mason, R."
105604,r. l. harry,"L. Harry, R."
106865,r. n. kao,"N. Kao, R."
110367,r. s. park,"S. Park, R."
105253,rademaker grunewald,"Grunewald, Rademaker"
1183,rafael caldera,"Caldera, Rafael"
111503,rafael caldera rodriguez,"Caldera Rodriguez, Rafael"
103296,rafael de la colina,"de a Colina, Rafael"
500864,rafael mayer,"Mayer, Rafael"
500865,rainha elizabeth ii,Rainha Elizabeth II
103234,rajeshwar dayal,"Dayal, Rajeshwar"
103112,ralf g. dahrendorf,"G. Dahrendorf, Ralf"
500866,ramalho eanes,"Eanes, Ramalho"
500867,ramiro elysio saraiva guerreiro,"Elysio Saraiva Guerreiro, Ramiro"
104041,ramon escovar,"Escovar, Ramon"
500868,ramos de azevedo,"de Azevedo, Ramos"
102610,ramsey clark,"Clark, Ramsey"
500869,raul barbosa,"Barbosa, Raul"
500870,raul bopp,"Bopp, Raul"
500871,raul de góes,"de Góes, Raul"
500872,raul de vicenzi,"de Vicenzi, Raul"
104230,raul fernandes,"Fernandes, Raul"
500874,raul leitão da cunha,"Leitão da Cunha, Raul"
110936,raul prebisch,"Prebisch, Raul"
500875,raul smandeck,"Smandeck, Raul"
102668,ray s. cline,"S. Cline, Ray"
100923,raymond o. j. barre,"O. J. Barre, Raymond"
500876,raymundo padilha,"Padilha, Raymundo"
102311,raúl castro,"Castro, Raúl"
116008,raúl quijano,"Quijano, Raúl"
111924,raúl sapena pastor,"Sapena Pastor, Raúl"
116132,red smith,"Smith, Red"
103952,regina m. eltz,"M. Eltz, Regina"
108679,reginald maudling,"Maudling, Reginald"
500877,regis de oliveira,"de Oliveira, Regis"
500878,rein henriksen,"Henriksen, Rein"
109851,reinhold niebuhr,"Niebuhr, Reinhold"
500879,reis veloso,"Veloso, Reis"
500880,renato azeredo,"Azeredo, Renato"
500881,renato firmino maia de mendonça ,"Firmino Maia de Mendonça , Renato"
500882,renato machado,"Machado, Renato"
500883,renato prado guimarães,"Prado Guimarães, Renato"
500884,rex nazaré alves,"Nazaré Alves, Rex"
500885,ribeiro couto,"Couto, Ribeiro"
500886,ribeiro da costa,"da Costa, Ribeiro"
107567,ricardo lagos,"Lagos, Ricardo"
104704,richard a. gard,"A. Gard, Richard"
113068,richard b. stone,"B. Stone, Richard"
101821,richard c. brown,"C. Brown, Richard"
102611,richard c. clark,"C. Clark, Richard"
112929,richard c. steadman,"C. Steadman, Richard"
106957,richard d. kearney,"D. Kearney, Richard"
106672,richard e. johnson,"e. Johnson, Richard"
115985,richard e. pipes,"e. Pipes, Richard"
115359,richard g. darman,"G. Darman, Richard"
106673,richard g. johnson,"G. Johnson, Richard"
109882,richard nixon,"Nixon, Richard"
101822,richard r. brown,"R. Brown, Richard"
112657,richard smith,"Smith, Richard"
105813,richard v. hennes,Richard V. Hennes
113936,richard valeriani,"Valeriani, Richard"
112658,richard w. smith,"W. Smith, Richard"
500888,rigoberto cartagena,"Cartagena, Rigoberto"
106520,rikhi jaipal,"Jaipal, Rikhi"
108581,robert a. martin,"A. Martin, Robert"
110418,robert a. pastor,"A. Pastor, Robert"
100442,robert anderson,"Anderson, Robert"
100443,robert b. anderson,"B. Anderson, Robert"
115188,robert b. bentley,"B. Bentley, Robert"
101373,robert b. black,"B. Black, Robert"
105926,robert b. hill,"B. Hill, Robert"
109390,robert b. morgan,"B. Morgan, Robert"
101598,robert boulin,"Boulin, Robert"
100238,robert c. alexander,"C. Alexander, Robert"
102045,robert c. byrd,"C. Byrd, Robert"
107232,robert c. kirk,"C. Kirk, Robert"
106295,robert e. hunter,"e. Hunter, Robert"
110149,robert e. osgood,"e. Osgood, Robert"
104078,robert f. evans,"F. Evans, Robert"
8041,robert f. wagner,"F. Wagner, Robert"
104669,robert galley,"Galley, Robert"
104889,robert gillet,"Gillet, Robert"
104266,robert h. finch,"H. Finch, Robert"
109734,robert h. neuman,"H. Neuman, Robert"
101379,robert j. blackwell,"J. Blackwell, Robert"
115521,robert j. gill,"J. Gill, Robert"
107032,robert kennedy,"Kennedy, Robert"
104633,robert l. funseth,"L. Funseth, Robert"
114515,robert m. white,"M. White, Robert"
111994,robert marion sayre,"Marion Sayre, Robert"
109459,robert moses,"Moses, Robert"
109505,robert mugabe,"Mugabe, Robert"
100444,robert o. anderson,"O. Anderson, Robert"
101218,robert s. bergland,"S. Bergland, Robert"
108939,robert s. mcnamara,"S. Mcnamara, Robert"
112113,robert schuman,"Schuman, Robert"
115842,robert t. mcnamar,"T. Mcnamar, Robert"
112888,robert t. stafford,"T. Stafford, Robert"
115490,robert w. fri,"W. Fri, Robert"
113803,robert w. tucker,"W. Tucker, Robert"
116267,robert white,"White, Robert"
500891,roberto abreu sodré,"Abreu Sodré, Roberto"
500892,roberto alves,"Alves, Roberto"
500893,roberto augusto,"Augusto, Roberto"
500894,roberto campos,"Campos, Roberto"
115292,roberto capriles,"Capriles, Roberto"
500895,roberto carlos,"Carlos, Roberto"
102148,roberto de oliveira campos,"de Oliveira Campos, Roberto"
105339,roberto e. guyer,"e. Guyer, Roberto"
114095,roberto e. viola,"e. Viola, Roberto"
500896,roberto ferreira,"Ferreira, Roberto"
500897,roberto kelly,"Kelly, Roberto"
500898,roberto lyra,"Lyra, Roberto"
500899,roberto marinho,"Marinho, Roberto"
500900,roberto santos,"Santos, Roberto"
500901,roberto silveira,"Silveira, Roberto"
500902,roberto simonsen,"Simonsen, Roberto"
500903,rocha lagoa,"Lagoa, Rocha"
110012,rodrigo carazo odio,"Carazo Odio, Rodrigo"
500904,rodrigo otávio,"Otávio, Rodrigo"
500905,rodrigues alves,"Alves, Rodrigues"
500906,rodrigues lima,"Lima, Rodrigues"
500907,rodrigues neto,"Neto, Rodrigues"
112996,roger bentham stevens,"Bentham Stevens, Roger"
105517,roger d. hansen,"D. Hansen, Roger"
115469,roger w. fontaine,"W. Fontaine, Roger"
500908,rogério cerqueira leite,"Cerqueira Leite, Rogério"
500909,rogério marinho,"Marinho, Rogério"
115431,romulo escobar bethancourt,"Escobar Bethancourt, Romulo"
500910,ronald de carvalho,"de Carvalho, Ronald"
116287,ronald e. woods,"e. Woods, Ronald"
111219,ronald reagan,"Reagan, Ronald"
500912,ronaldo sardenberg,"Sardenberg, Ronaldo"
500913,rondon pacheco,"Pacheco, Rondon"
102258,rosalynn carter,"Carter, Rosalynn"
106590,roy h. jenkins,"H. Jenkins, Roy"
108618,roy mason,"Mason, Roy"
115481,ruben o. franco,"O. Franco, Ruben"
500914,rubens barbosa,"Barbosa, Rubens"
500915,rubens costa,"Costa, Rubens"
500916,rubens porto,"Porto, Rubens"
500917,rubens resstel,"Resstel, Rubens"
500918,rubens ricupero,"Ricupero, Rubens"
500919,rubens vaz,"Vaz, Rubens"
110614,rudolph a. peterson,"A. Peterson, Rudolph"
500920,rui barbosa,"Barbosa, Rui"
500921,rui carneiro,"Carneiro, Rui"
500922,rui palmeira,"Palmeira, Rui"
110435,rui patrício,"Patrício, Rui"
500923,rui santos,"Santos, Rui"
100831,rupiah banda,"Banda, Rupiah"
500924,ruth de souza castro,"de Souza Castro, Ruth"
500925,ruth escobar,"Escobar, Ruth"
500926,régis bittencourt,"Bittencourt, Régis"
500927,rêgo barros,"Barros, Rêgo"
101263,rómulo betancourt,"Betancourt, Rómulo"
500928,rômulo de almeida,"de Almeida, Rômulo"
103287,s. k. dehlavi,"K. Dehlavi, S."
108361,s. k. mai,"K. Mai, S."
114974,s. m. yusuf,"M. Yusuf, S."
100113,s. o. adebo,"O. Adebo, S."
108788,s. s. mcclure,"S. Mcclure, S."
111787,sabah al-ahmad al-jaber al-sabah,"Al-Ahmad Al-Jaber Al-Sabah, Sabah"
110049,saburo okita,"Okita, Saburo"
500929,sadock de sá,"de Sá, Sadock"
100130,sadruddin aga khan,"Aga Khan, Sadruddin"
500930,saldanha derzi,"Derzi, Saldanha"
111843,salim ahmed salim,"Ahmed Salim, Salim"
500931,salvador allende,"Allende, Salvador"
5639,sam nujoma,"Nujoma, Sam"
108283,samora moises machel,"Moises Machel, Samora"
500933,sampaio dória,"Dória, Sampaio"
106300,samuel huntington,"Huntington, Samuel"
500935,samuel pinheiro guimarães,"Pinheiro Guimarães, Samuel"
500936,samuel wainer,"Wainer, Samuel"
500937,san tiago dantas,"Tiago Dantas, San"
107605,sangoulé lamizana,"Lamizana, Sangoulé"
111512,santiago roel,"Roel, Santiago"
500938,santos dumont,"Dumont, Santos"
500939,sapeña pastor,"Pastor, Sapeña"
500940,sara kubitschek,"Kubitschek, Sara"
500941,saraiva guerreiro,"Guerreiro, Saraiva"
111966,sau ha,"Ha, Sau"
111085,saul f. rae,"F. Rae, Saul"
500942,jean sauvagnargues,"Sauvagnargues, Jean"
108255,sean macbride,"Macbride, Sean"
500943,sebastião do rego barros,"do Rego Barros, Sebastião"
111126,seewoosagur ramgoolam,"Ramgoolam, Seewoosagur"
112229,seni pramoj,"Pramoj, Seni"
107091,seretse khama,"Khama, Seretse"
500944,severo gomes,"Gomes, Severo"
500945,sevilla sacasa,"Sacasa, Sevilla"
111702,seymour j. rubin,"J. Rubin, Seymour"
500946,sheun ming ling,"Ming Ling, Sheun"
500947,shigeaki ueki,"Ueki, Shigeaki"
110546,shimon peres,"Peres, Shimon"
500948,shirley temple,"Temple, Shirley"
112998,siaka stevens,"Stevens, Siaka"
103897,sigvard eklund,"Eklund, Sigvard"
500949,silva jardim,"Jardim, Silva"
500950,silva ramos,"Ramos, Silva"
500951,silvio frota,"Frota, Silvio"
500952,silvio santos,"Santos, Silvio"
500953,simón bolívar,"Bolívar, Simón"
500954,siqueira campos,"Campos, Siqueira"
109597,siteke g. mwale,"G. Mwale, Siteke"
500955,souza filho,"Filho, Souza"
111076,stanislaw raczkowski,"Raczkowski, Stanislaw"
113724,stanislaw trepczynski,"Trepczynski, Stanislaw"
102662,stanley m. cleveland,"M. Cleveland, Stanley"
113831,stansfield m. turner,"M. Turner, Stansfield"
114843,stefan wyszynski,"Wyszynski, Stefan"
104718,stephen gardner,"Gardner, Stephen"
108148,stephen low,"Low, Stephen"
103894,stuart e. eizenstat,"e. Eizenstat, Stuart"
103342,suleyman demirel,"Demirel, Suleyman"
112751,sunao sonoda,"Sonoda, Sunao"
107160,sung y. kim,"Y. Kim, Sung"
100263,syed amjad ali,"Amjad Ali, Syed"
110088,sylvanus olympio,"Olympio, Sylvanus"
500956,sérgio armando frazão,"Armando Frazão, Sérgio"
500957,sérgio correia da costa,"Correia da Costa, Sérgio"
500958,sérgio florêncio,"Florêncio, Sérgio"
500959,sérgio moreira,"Moreira, Sérgio"
500960,sérgio motta,"Motta, Sérgio"
500961,sérgio motta mello,"Motta Mello, Sérgio"
500962,sérgio paulo rouanet ,"Paulo Rouanet , Sérgio"
500963,sérgio rezende,"Rezende, Sérgio"
115252,t. h. brand,"H. Brand, T."
112755,t. v. soong,T. V. Soong
113283,tad szulc,"Szulc, Tad"
112576,taieb slim,"Slim, Taieb"
104618,takeo fukuda,"Fukuda, Takeo"
109132,takeo miki,"Miki, Takeo"
109629,takeshi naito,"Naito, Takeshi"
109740,tancredo neves,"Neves, Tancredo"
500964,tarcísio delgado,"Delgado, Tarcísio"
500965,tarcísio holanda,"Holanda, Tarcísio"
500966,tarcísio meirelles padilha,"Meirelles Padilha, Tarcísio"
500967,tasso fragoso,"Fragoso, Tasso"
500968,teixeira mendes ,"Mendes , Teixeira"
500969,teixeira pinto,"Pinto, Teixeira"
109448,teodoro moscoso,"Moscoso, Teodoro"
500970,teotônio vilela,"Vilela, Teotônio"
112757,theodore c. sorensen,"C. Sorensen, Theodore"
105870,theodore hesburgh,"Hesburgh, Theodore"
111585,theodore roosevelt,"Roosevelt, Theodore"
110599,thomas j. peters,"J. Peters, Thomas"
106576,thomas jefferson,"Jefferson, Thomas"
100636,thomas l. ashley,"L. Ashley, Thomas"
500971,thomas mann,"Mann, Thomas"
110295,thomas o. paine,"O. Paine, Thomas"
113559,thomas p. thornton,"P. Thornton, Thomas"
115580,thomas r. harkin,"R. Harkin, Thomas"
500972,thompson flôres,"Flôres, Thompson"
107416,timothy kraft,"Kraft, Timothy"
112669,timothy smith,"Smith, Timothy"
101770,tom brokaw,"Brokaw, Tom"
110544,tomás romero pereira,"Romero Pereira, Tomás"
115187,tony benn,"Benn, Tony"
113902,torao ushiroku,"Ushiroku, Torao"
107185,toshio kimura,"Kimura, Toshio"
107348,toshio komoto,"Komoto, Toshio"
113708,tran van kha,"Van Kha, Tran"
111212,tun abdul razak,"Abdul Razak, Tun"
500973,tácito theóphilo gaspar,"Theóphilo Gaspar, Tácito"
109955,u nu,"Nu, U"
113472,u thant,"Thant, U"
114694,u win,"Win, U"
500974,ubirajara cabral,"Cabral, Ubirajara"
500975,ulysses guimarães,"Guimarães, Ulysses"
106983,urho k. kekkonen,"K. Kekkonen, Urho"
106452,v. s. ivanov,V. S. Ivanov
105838,valentin hernandez,"Hernandez, Valentin"
1756,valéry giscard d'estaing,"Giscard D'Estaing, Valéry"
500977,vanja orico,"Orico, Vanja"
104999,vasco gonçalves,"Gonçalves, Vasco"
107822,vasco leitão da cunha,"Leitão da Cunha, Vasco"
500978,vasconcelos costa,"Costa, Vasconcelos"
500979,vasconcelos torres,"Torres, Vasconcelos"
111002,vasile pungan,"Pungan, Vasile"
114246,vernon walters,"Walters, Vernon"
500981,vicente goulart,"Goulart, Vicente"
500982,vicente pereira,"Pereira, Vicente"
111162,vicente rao,"Rao, Vicente"
500984,vicente scherer,"Scherer, Vicente"
111885,vicente sánchez gavito,"Sánchez Gavito, Vicente"
100452,victor andrade,"Andrade, Victor"
500985,victor faccioni,"Faccioni, Victor"
500986,victor josé silveira,"José Silveira, Victor"
110473,victor paz estenssoro,"Paz Estenssoro, Victor"
500987,vieira de mello,"de Mello, Vieira"
500988,vieira souto,"Souto, Vieira"
109363,villeda morales,"Morales, Villeda"
100677,vincent auriol,"Auriol, Vincent"
107748,vincent t. learson,"T. Learson, Vincent"
500989,virgílio távora,"Távora, Virgílio"
500990,vitorino freire,"Freire, Vitorino"
500991,vladimir herzog,"Herzog, Vladimir"
500992,voltaire,Voltaire
500993,von holleben,"Holleben, Von"
114148,vuong van bac,"Van Bac, Vuong"
115534,víctor gómez bergés,"Gómez Bergés, Víctor"
103540,w. a. c. h. dobson,"A. C. H. Dobson, W."
112857,w. a. sprague,"A. Sprague, W."
103091,w. bowman cutter,"Bowman Cutter, W."
109393,w. d. morgan,"D. Morgan, W."
115888,w. f. moore,"F. Moore, W."
116262,w. g. weston,"G. Weston, W."
110204,w. h. oxley,"H. Oxley, W."
101454,w. michael blumenthal,"Michael Blumenthal, W."
105943,w. r. n. hinde,"R. N. Hinde, W."
500994,waldemar f. lopes,"F. Lopes, Waldemar"
500995,waldemar falcão,"Falcão, Waldemar"
500996,walder de góes,"de Góes, Walder"
500997,waldir pires,"Pires, Waldir"
114188,waldo e. waldron-ramsey,"e. Waldron-Ramsey, Waldo"
500998,walter clark,"Clark, Walter"
103001,walter cronkite,"Cronkite, Walter"
109291,walter f. mondale,"F. Mondale, Walter"
500999,walter link,"Link, Walter"
112024,walter scheel,"Scheel, Walter"
112481,walter silva,"Silva, Walter"
109373,walther moreira salles,"Moreira Salles, Walther"
102547,warren minor christopher,"Minor Christopher, Warren"
501000,washington luís,"Luís, Washington"
501001,wenceslau benites,"Benites, Wenceslau"
112913,william a. stanton,"A. Stanton, William"
111529,william d. rogers,"D. Rogers, William"
102714,william e. colby,"e. Colby, William"
105205,william e. griffith,"e. Griffith, William"
113592,william e. timmons,"e. Timmons, William"
100918,william g. barraclough,"G. Barraclough, William"
113966,william j. vanden heuvel,"J. Vanden Heuvel, William"
109171,william k. miller,"K. Miller, William"
108904,william mckinley,"Mckinley, William"
109169,william miller,"Miller, William"
103616,william o. douglas,"O. Douglas, William"
110990,william proxmire,"Proxmire, William"
116152,william q. stanton,"Q. Stanton, William"
109355,william s. moorhead,"S. Moorhead, William"
501003,william spencer,"Spencer, William"
108156,william w. lowrance,"W. Lowrance, William"
501004,william waack,"Waack, William"
101678,willy brandt,"Brandt, Willy"
501005,wilson braga,"Braga, Wilson"
501006,wilson martins,"Martins, Wilson"
102566,winston churchill,"Churchill, Winston"
108124,winston lord,"Lord, Winston"
501008,wladimir bernardes,"Bernardes, Wladimir"
501009,wladimir murtinho,"Murtinho, Wladimir"
114691,woodrow wilson,"Wilson, Woodrow"
501010,xavier de albuquerque,"de Albuquerque, Xavier"
501011,y. k. pao,"K. Pao, Y."
105078,yakubu gowon,"Gowon, Yakubu"
114870,yang hsi-kun,"Hsi-Kun, Yang"
501012,yasser arafat,"Arafat, Yasser"
100318,yigal allon,"Allon, Yigal"
109673,yitzhak navon,"Navon, Yitzhak"
111072,yitzhak rabin,"Rabin, Yitzhak"
501013,yolanda prada,"Prada, Yolanda"
114931,yoshihito,Yoshihito
100450,yoshiro ando,"Ando, Yoshiro"
109400,yoshirō mori,"Mori, Yoshirō"
101878,zbigniew k. brzezinski,"K. Brzezinski, Zbigniew"
111642,zenon rossides,"Rossides, Zenon"
107386,zentaro kosaka,"Kosaka, Zentaro"
501015,álvaro cunha,"Cunha, Álvaro"
501016,álvaro da costa franco,"da Costa Franco, Álvaro"
501017,álvaro valle,"Valle, Álvaro"
501018,ênio silveira,"Silveira, Ênio"
501019,ítalo zappa,"Zappa, Ítalo"
